,description,0,key,time,2,1,3,4
0,??????????????????????????????????????????1985????????,1985,?????,"{0: {'?': [], '?': [1985], '?': []}}",,,,
1,??14?(1925?)????????????????????????????????????????????,14,?????,"{0: {'?': [], '?': [14, 1925], '?': []}}",,,,
2,??10?22??????????????????????????????????????,1985,?????,"{0: {'?': [10], '?': [1985], '?': [22]}}",,,,
3,??10?23???????????????8?????????????????????????????????????,1985,?????,"{0: {'?': [10], '?': [1985], '?': [23]}}",,,,
4,??????????????1920??????????????????????????????????????????????,1920,?????,"{0: {'?': [], '?': [1920], '?': []}}",,,,
5,2010??????????????????,2010,?????,"{0: {'?': [], '?': [2010], '?': []}}",,,,
6, ???????????????????????????2013??????????? ,2013,?????,"{0: {'?': [], '?': [2013], '?': []}}",,,,
7,???????????????????????????????????1892?????????????????,1892,?????,"{0: {'?': [], '?': [1892], '?': []}}",,,,
8,???????????????????9??????1931?????????????????????????,1931,?????,"{0: {'?': [], '?': [1931], '?': []}}",,,,
9,??73?????????????????????????????????????,73,?????,"{0: {'?': [], '?': [73], '?': []}}",,,,
10,?????1971???????????????????????????????????????????????FRP???????????????????99????????????????????????100????,1971,?????,"{0: {'?': [], '?': [1971], '?': []}}",,,,
11,??????1988????????,1988,?????,"{0: {'?': [], '?': [1988], '?': []}}",,,,
12,1907?4?1???????????????,1907,????,"{0: {'?': [4], '?': [1907], '?': [1]}}",,,,
13,1930?4?1?????????,1930,????,"{0: {'?': [4], '?': [1930], '?': [1]}}",,,,
14,1935?5?21?????????????,1935,????,"{0: {'?': [5], '?': [1935], '?': [21]}}",,,,
15,1958?2?10????????????????????????,1958,????,"{0: {'?': [2], '?': [1958], '?': [10]}}",,,,
16,1998?9?23??????,1998,????,"{0: {'?': [9], '?': [1998], '?': [23]}}",,,,
17,1999?4?16????????????,1999,????,"{0: {'?': [4], '?': [1999], '?': [16]}}",,,,
18,2010?6?5??????????????????CK124????????12??????????6?9?123?????????ROT???????????????????CK124????????????????,2010,????,"{0: {'?': [6], '?': [2010], '?': [9]}, 1: {'?': [6], '?': [2010], '?': [5]}, 2: {'?': [], '?': [12], '?': []}}",12.0,2010,,
19,?????9???????????,12,????,"{0: {'?': [9], '?': [12], '?': []}}",,,,
20,????1841?????????????????????????????????????????????1884?????????????,1841,?????,"{0: {'?': [], '?': [1841], '?': []}, 1: {'?': [], '?': [1884], '?': []}}",,1884,,
21,1840????????????????????????????,1840,?????,"{0: {'?': [], '?': [1840], '?': []}}",,,,
22,"1840?5????????????, 1841?9?30?(??21?8?16??, ??????????Nerbudda????????????????????",1840,?????,"{0: {'?': [5], '?': [1840], '?': []}, 1: {'?': [9], '?': [1841], '?': [30]}, 2: {'?': [8], '?': [21], '?': [16]}}",21.0,1841,,
23,?????????????Nimrod?? ?1841?10?27????9?13?????????????????????????????????????????,1841,?????,"{0: {'?': [9], '?': [1841], '?': [13]}, 1: {'?': [10], '?': [1841], '?': [27]}}",,1841,,
24,1884?4?13?????????Volta?????????????????????????F. Fournier???????????????????????????????????????????,1884,?????,"{0: {'?': [4], '?': [1884], '?': [13]}}",,,,
25,????1884?7?16????????????????????????????????????????,1884,?????,"{0: {'?': [7], '?': [1884], '?': [16]}}",,,,
26,1884?8?5?????????S.N.J.Lesp?s???5????????5????????????????????????????????????????????????????????(8?6?)?? 4?500?????,1884,?????,"{0: {'?': [8], '?': [1884], '?': [6]}, 1: {'?': [8], '?': [1884], '?': [5]}}",,1884,,
27,????????????????????????1885??? ??????????????????????????????????????????????,1885,?????,"{0: {'?': [], '?': [1885], '?': []}}",,,,
28,????????(1862?)??????????????????????????1868??????????????????????????????????????????????????????????????????????????,1862,?????,"{0: {'?': [], '?': [1862], '?': []}}",,,,
29,??54??1965?????????(???????????)??????????????????????????????????????????,54,?????,"{0: {'?': [], '?': [54], '?': []}}",,,,
30,??????????87??1998?????91??2002????? ,87,?????,"{0: {'?': [], '?': [87], '?': []}, 1: {'?': [], '?': [91], '?': []}}",,91,,
31,??74????????????????????????????????????????????????????????????????,74,?????,"{0: {'?': [], '?': [74], '?': []}}",,,,
32,??1995?,1995,?????,"{0: {'?': [], '?': [1995], '?': []}}",,,,
33,??1996?,1996,?????,"{0: {'?': [], '?': [1996], '?': []}}",,,,
34,??????212????????????????????????????????????????????,212,?????????,"{0: {'?': [], '?': [212], '?': []}}",,,,
35,????2010?1?15????????,2010,??????,"{0: {'?': [1], '?': [2010], '?': [15]}}",,,,
36,??????????????????????????????1763??????????????,1763,???,"{0: {'?': [], '?': [1763], '?': []}}",,,,
37,????2006?4?9???????2010?12?????????2011?1?5????????????????????,2006,???,"{0: {'?': [4], '?': [2006], '?': [9]}, 1: {'?': [12], '?': [2010], '?': []}, 2: {'?': [1], '?': [2011], '?': [5]}}",2011.0,2010,,
38,???????????????????28??1763??????????????????????????????????????,28,???,"{0: {'?': [], '?': [28], '?': []}}",,,,
39,???28??1848?11????????????????????????????????????????????????,28,???,"{0: {'?': [11], '?': [28], '?': []}, 1: {'?': [], '?': [28], '?': []}}",,28,,
40,???5??1866???????????????????????????????????????????????????????????????????13??1887???,5,???,"{0: {'?': [], '?': [5], '?': []}, 1: {'?': [], '?': [13], '?': []}}",,13,,
41,????????????????????1982????????????????1985?8?19?????????,1982,???,"{0: {'?': [], '?': [1982], '?': []}, 1: {'?': [8], '?': [1985], '?': [19]}}",,1985,,
42,1999??????????????????2002??????????????,1999,???,"{0: {'?': [], '?': [1999], '?': []}, 1: {'?': [], '?': [2002], '?': []}}",,2002,,
43,2006?4?9?????????????????????????????2010?12?????????2011?1?5???????????????,2006,???,"{0: {'?': [4], '?': [2006], '?': [9]}, 1: {'?': [12], '?': [2010], '?': []}, 2: {'?': [1], '?': [2011], '?': [5]}}",2011.0,2010,,
44,????????????3??1877????????????????????,3,???,"{0: {'?': [], '?': [3], '?': []}}",,,,
45,??88??????????????????????????,88,???,"{0: {'?': [], '?': [88], '?': []}}",,,,
46,??????????3??1877??????????????????,3,???,"{0: {'?': [], '?': [3], '?': []}}",,,,
47,???????????59??1794?????8??1882????????,59,???,"{0: {'?': [], '?': [59], '?': []}, 1: {'?': [], '?': [8], '?': []}}",,8,,
48,??????????27??1762???????????????????????????????????31??1898???????????????????????????,27,???,"{0: {'?': [], '?': [27], '?': []}, 1: {'?': [], '?': [31], '?': []}}",,31,,
49,??????????????????????????????????????????1812?????????1862???,1812,???????,"{0: {'?': [], '?': [1812], '?': []}, 1: {'?': [], '?': [1862], '?': []}}",,1862,,
50,2001???????????????????????,2001,???????,"{0: {'?': [], '?': [2001], '?': []}}",,,,
51,??????????????????????????????????1812??????????????????1821??????????????????????????,1812,???????,"{0: {'?': [], '?': [1812], '?': []}, 1: {'?': [], '?': [1821], '?': []}}",,1821,,
52,1862?????????????,1862,???????,"{0: {'?': [], '?': [1862], '?': []}}",,,,
53,????????????????????????????2008??????????????????????????????????????,2008,???????,"{0: {'?': [], '?': [2008], '?': []}}",,,,
54,?????????????????????????????1985?11?27????????????????,1985,?????,"{0: {'?': [11], '?': [1985], '?': [27]}}",,,,
55,1895??????????????????????????,1895,?????,"{0: {'?': [], '?': [1895], '?': []}}",,,,
56,??????????????????????????1?4?????11???,1895,?????,"{0: {'?': [11], '?': [1895], '?': []}}",,,,
57,???????????????????????????????????10?29???,1895,?????,"{0: {'?': [10], '?': [1895], '?': [29]}}",,,,
58,???????????????????????????????1930????1999?8?29????????????????????????????????,1930,????????,"{0: {'?': [], '?': [1930], '?': []}, 1: {'?': [8], '?': [1999], '?': [29]}}",,1999,,
59,1895??????????,1895,????????,"{0: {'?': [], '?': [1895], '?': []}}",,,,
60,1898?????????????????1899?10???????????????????,1898,????????,"{0: {'?': [], '?': [1898], '?': []}, 1: {'?': [10], '?': [1899], '?': []}}",,1899,,
61,1901???????????????????????????????????????????????,1901,????????,"{0: {'?': [], '?': [1901], '?': []}}",,,,
62,1920?7???????????????????????????????????????????,1920,????????,"{0: {'?': [7], '?': [1920], '?': []}}",,,,
63,10?????????????????,1920,????????,"{0: {'?': [10], '?': [1920], '?': []}}",,,,
64,1916?2?23???????????????????????????????????????????????????,1916,????????,"{0: {'?': [2], '?': [1916], '?': [23]}}",,,,
65,1930????????????,1930,????????,"{0: {'?': [], '?': [1930], '?': []}}",,,,
66,1937?12?6???????????????????????????????????,1937,????????,"{0: {'?': [12], '?': [1937], '?': [6]}}",,,,
67,?????????1930???,1930,????????,"{0: {'?': [], '?': [1930], '?': []}}",,,,
68,1945??????????????????????????????????????????,1945,????????,"{0: {'?': [], '?': [1945], '?': []}}",,,,
69,1968??????????????????????????,1968,????????,"{0: {'?': [], '?': [1968], '?': []}}",,,,
70,1983????????????????????????????,1983,????????,"{0: {'?': [], '?': [1983], '?': []}}",,,,
71,???????1930??????????????Art Deco???,1930,????????,"{0: {'?': [], '?': [1930], '?': []}}",,,,
72,1745?? ?????????????????????????????????????????????????????,1745,???????,"{0: {'?': [], '?': [1745], '?': []}}",,,,
73,1810??????????????????????????,1810,???????,"{0: {'?': [], '?': [1810], '?': []}}",,,,
74,1813???18???????????????????????????????????????,1813,???????,"{0: {'?': [], '?': [1813], '?': []}, 1: {'?': [], '?': [18], '?': []}}",,18,,
75,1857??????????????????????????????????????????????,1857,???????,"{0: {'?': [], '?': [1857], '?': []}}",,,,
76,1901?? ????????????????????????????????,1901,???????,"{0: {'?': [], '?': [1901], '?': []}}",,,,
77,1923????????????????????????????????????????????????????????????????????????,1923,???????,"{0: {'?': [], '?': [1923], '?': []}}",,,,
78,1925?????????????,1925,???????,"{0: {'?': [], '?': [1925], '?': []}}",,,,
79,1961?? ?????????????,1961,???????,"{0: {'?': [], '?': [1961], '?': []}}",,,,
80,1985???????????????????,1985,???????,"{0: {'?': [], '?': [1985], '?': []}}",,,,
81,1985????????????,1985,???????,"{0: {'?': [], '?': [1985], '?': []}}",,,,
82,1993?????????????????,1993,???????,"{0: {'?': [], '?': [1993], '?': []}}",,,,
83,1997????????,1997,???????,"{0: {'?': [], '?': [1997], '?': []}}",,,,
84,???????????????????????????????????????????????????? : ????????-2000?,2000,???????,"{0: {'?': [], '?': [2000], '?': []}}",,,,
85,1797?????????????????????????????????????????????,1797,?????,"{0: {'?': [], '?': [1797], '?': []}}",,,,
86,1825????????????????????????????,1825,?????,"{0: {'?': [], '?': [1825], '?': []}}",,,,
87,1844????????????????,1844,?????,"{0: {'?': [], '?': [1844], '?': []}}",,,,
88,1863?????????????????????????????,1863,?????,"{0: {'?': [], '?': [1863], '?': []}}",,,,
89,1945???????????????????????,1945,?????,"{0: {'?': [], '?': [1945], '?': []}}",,,,
90,1976????????????????????????????,1976,?????,"{0: {'?': [], '?': [1976], '?': []}}",,,,
91,1985?11???????????????,1985,?????,"{0: {'?': [11], '?': [1985], '?': []}}",,,,
92,1786???????????????????????????????????????????????????????????????????,1786,?????,"{0: {'?': [], '?': [1786], '?': []}}",,,,
93,1787?????????????????????????????????????????????????????????????????????????????,1787,?????,"{0: {'?': [], '?': [1787], '?': []}}",,,,
94,?????????????1788??????????????????????????????????????????????????????????????????????????????????,1788,?????,"{0: {'?': [], '?': [1788], '?': []}}",,,,
95,1862???????????????????????????????????????????????????,1862,?????,"{0: {'?': [], '?': [1862], '?': []}}",,,,
96,1863??????????????????????????????????????????,1863,?????,"{0: {'?': [], '?': [1863], '?': []}}",,,,
97,????1841?????????????????????????????????????????????1884?????????????,1841,?????,"{0: {'?': [], '?': [1841], '?': []}, 1: {'?': [], '?': [1884], '?': []}}",,1884,,
98,1840????????????????????????????,1840,?????,"{0: {'?': [], '?': [1840], '?': []}}",,,,
99,"1840?5????????????, 1841?9?30?(??21?8?16??, ??????????Nerbudda????????????????????",1840,?????,"{0: {'?': [5], '?': [1840], '?': []}, 1: {'?': [9], '?': [1841], '?': [30]}, 2: {'?': [8], '?': [21], '?': [16]}}",21.0,1841,,
100,?????????????Nimrod?? ?1841?10?27????9?13?????????????????????????????????????????,1841,?????,"{0: {'?': [9], '?': [1841], '?': [13]}, 1: {'?': [10], '?': [1841], '?': [27]}}",,1841,,
101,1884?4?13?????????Volta?????????????????????????F. Fournier???????????????????????????????????????????,1884,?????,"{0: {'?': [4], '?': [1884], '?': [13]}}",,,,
102,????1884?7?16????????????????????????????????????????,1884,?????,"{0: {'?': [7], '?': [1884], '?': [16]}}",,,,
103,1884?8?5?????????S.N.J.Lesp?s???5????????5????????????????????????????????????????????????????????(8?6?)?? 4?500?????,1884,?????,"{0: {'?': [8], '?': [1884], '?': [6]}, 1: {'?': [8], '?': [1884], '?': [5]}}",,1884,,
104,????????????????????????1885??? ??????????????????????????????????????????????,1885,?????,"{0: {'?': [], '?': [1885], '?': []}}",,,,
105,????????????????1?2?????1925??????????????????????1956??2006?11???????????????,1925,?????????,"{0: {'?': [], '?': [1925], '?': []}, 1: {'?': [11], '?': [1956, 2006], '?': []}}",,1956,,
106,2006?11?10?????????????????,2006,?????????,"{0: {'?': [11], '?': [2006], '?': [10]}}",,,,
107,2010?4?29??????????????????,2010,?????????,"{0: {'?': [4], '?': [2010], '?': [29]}}",,,,
108,???????????????????????????????????20????????????????????????????????????????????,2000,??????????,"{0: {'?': [], '?': [2000], '?': []}}",,,,
109,1899???????????????????????????????1912?????????????????????????1920????????,1899,??????????,"{0: {'?': [], '?': [1899], '?': []}, 1: {'?': [], '?': [1912], '?': []}, 2: {'?': [], '?': [1920], '?': []}}",1920.0,1912,,
110,???????1920???????????????????????????????????????,1920,??????????,"{0: {'?': [], '?': [1920], '?': []}}",,,,
111,??1940????????????????????????????,1940,??????????,"{0: {'?': [], '?': [1940], '?': []}}",,,,
112,?????????????2007?4?2???????????????????????2010???????????????,2007,??????????,"{0: {'?': [4], '?': [2007], '?': [2]}, 1: {'?': [], '?': [2010], '?': []}}",,2010,,
113,?????????1936?11?26??????????????????????????,1936,??? (???),"{0: {'?': [11], '?': [1936], '?': [26]}}",,,,
114,1945????????????????????????????,1945,??? (???),"{0: {'?': [], '?': [1945], '?': []}}",,,,
115,1992?1?????????????????????,1992,??? (???),"{0: {'?': [1], '?': [1992], '?': []}}",,,,
116,1887???????????????????????,1887,??? (???),"{0: {'?': [], '?': [1887], '?': []}}",,,,
117,1889?????????????????????????????????????,1889,??? (???),"{0: {'?': [], '?': [1889], '?': []}}",,,,
118,1895?5?????????????????????????????????,1895,??? (???),"{0: {'?': [5], '?': [1895], '?': []}}",,,,
119,1895?6??????????????????17????????????????????50??????,"{'?': [], '?': [], '?': [17]}",??? (???),"{0: {'?': [], '?': [], '?': [17]}, 1: {'?': [6], '?': [1895], '?': []}, 2: {'?': [], '?': [50], '?': []}}",50.0,1895,,
120,1895??1919?????????????????????????????????????????????????,1895,??? (???),"{0: {'?': [], '?': [1895, 1919], '?': []}}",,,,
121,1931???????????????????????????????????????????,1931,??? (???),"{0: {'?': [], '?': [1931], '?': []}}",,,,
122,?????????????????????????????????????????????????????????????????????????????????1932?8?????,1932,??? (???),"{0: {'?': [8], '?': [1932], '?': []}}",,,,
123,1932?12????????,1932,??? (???),"{0: {'?': [12], '?': [1932], '?': []}}",,,,
124,??1936?12??????????4?,1936,??? (???),"{0: {'?': [12], '?': [1936], '?': []}, 1: {'?': [], '?': [4], '?': []}}",,4,,
125,1945??????????????????????????????????????????????????????????????????????????????????????,1945,??? (???),"{0: {'?': [], '?': [1945], '?': []}}",,,,
126,1946?10?21???????????????????????????????,1946,??? (???),"{0: {'?': [10], '?': [1946], '?': [21]}}",,,,
127,???1954????????????????,1954,??? (???),"{0: {'?': [], '?': [1954], '?': []}}",,,,
128,1936?????????????????????????????????????????????,1936,??? (???),"{0: {'?': [], '?': [1936], '?': []}}",,,,
129,??????????1950???1990??????????????,1950,??? (???),"{0: {'?': [], '?': [1950, 1990], '?': []}}",,,,
130,????????????????1966??????????????,1966,??? (???),"{0: {'?': [], '?': [1966], '?': []}}",,,,
131,??1999?????????????????????????????????,1999,??? (???),"{0: {'?': [], '?': [1999], '?': []}}",,,,
132,1936????????????????????????????????????,1936,??? (???),"{0: {'?': [], '?': [1936], '?': []}}",,,,
133,?????1930??????????????????????????????????????????????????????????,1930,??? (???),"{0: {'?': [], '?': [1930], '?': []}}",,,,
134,?2016?3?12???????????????????,2016,??????,"{0: {'?': [3], '?': [2016], '?': [12]}}",,,,
135,???????????????????2005???????????????????????????,2005,??????,"{0: {'?': [], '?': [2005], '?': []}}",,,,
136,????????(1862?)??????????????????????????1868??????????????????????????????????????????????????????????????????????????,1862,??????,"{0: {'?': [], '?': [1862], '?': []}}",,,,
137,??54??1965?????????(???????????)??????????????????????????????????????????,54,??????,"{0: {'?': [], '?': [54], '?': []}}",,,,
138,??????????87??1998?????91??2002????? ,87,??????,"{0: {'?': [], '?': [87], '?': []}, 1: {'?': [], '?': [91], '?': []}}",,91,,
139,??74????????????????????????????????????????????????????????????????,74,??????,"{0: {'?': [], '?': [74], '?': []}}",,,,
140,??1995?,1995,??????,"{0: {'?': [], '?': [1995], '?': []}}",,,,
141,??1996?,1996,??????,"{0: {'?': [], '?': [1996], '?': []}}",,,,
142,????????????????????????????????????1?5000?,-13000,?????,"{0: {'?': [], '?': [-13000], '?': []}}",,,,
143,1968??1970????????????????????????????????????????????????,1968,?????,"{0: {'?': [], '?': [1968, 1970], '?': []}}",,,,
144,????????????????3????,-30000,?????,"{0: {'?': [], '?': [-30000], '?': []}}",,,,
145,?????????????????5000?????????????????????????????????????????????????????????????????????????????????????,-3000,?????,"{0: {'?': [], '?': [-3000], '?': []}}",,,,
146,[???2004?11?4?],2004,?????,"{0: {'?': [11], '?': [2004], '?': [4]}}",,,,
147,[???2004?11?4? ],2004,?????,"{0: {'?': [11], '?': [2004], '?': [4]}}",,,,
148,[???2004?11?4?],2004,?????,"{0: {'?': [11], '?': [2004], '?': [4]}}",,,,
149,[???2004?10?13?],2004,?????,"{0: {'?': [10], '?': [2004], '?': [13]}}",,,,
150,???. ????????????. ???: ????????????. 2001?11?. ISBN 957-30880-4-5. ,2001,???,"{0: {'?': [11], '?': [2001], '?': []}}",,,,
151,???. ?????. ???: ??????. 2008?8?. ISBN 978-986-6782-47-3. ,2008,???,"{0: {'?': [8], '?': [2008], '?': []}}",,,,
152,?????????????(????????)94?2?ISBN986-00-0532-5,94,???,"{0: {'?': [2], '?': [94], '?': []}}",,,,
153,??????????????????????????????????????????????????????????????????????????????????????????1980????????????????????????????????????????????,1980,???,"{0: {'?': [], '?': [1980], '?': []}}",,,,
154,????????2004?????????????????????,2004,???,"{0: {'?': [], '?': [2004], '?': []}}",,,,
155,??????????????Kadesh?????????1259??????????????,-1259,???,"{0: {'?': [], '?': [-1259], '?': []}}",,,,
156,???????????????????????????8??????????????????????????????????????????????????????????????????????????????????,-800,???,"{0: {'?': [], '?': [-800], '?': []}}",,,,
157,???751????????????????????????????????????????????????????,751,???,"{0: {'?': [], '?': [751], '?': []}}",,,,
158,????????????????????????13????,1300,???,"{0: {'?': [], '?': [1300], '?': []}}",,,,
159,????????????????????????????????????????1878??????????,1878,???,"{0: {'?': [], '?': [1878], '?': []}}",,,,
160,?????????????????220????????????????????????????????????????????????????,220,???,"{0: {'?': [], '?': [220], '?': []}}",,,,
161,4???6???????????,400,???,"{0: {'?': [], '?': [400, 600], '?': []}}",,,,
162,????589???????????????????????,589,???,"{0: {'?': [], '?': [589], '?': []}}",,,,
163,??????????????????????????????979????????????,979,???,"{0: {'?': [], '?': [979], '?': []}}",,,,
164,???????????????????????????1141????????????????????????1279?????????????,1141,???,"{0: {'?': [], '?': [1141], '?': []}, 1: {'?': [], '?': [1279], '?': []}}",,1279,,
165,?????????????????????????????????????????????????????????????????????????????????????????????????????????????????1279?????????????,1279,???,"{0: {'?': [], '?': [1279], '?': []}}",,,,
166,?????1750?????????????????????????????????????????,1750,???,"{0: {'?': [], '?': [1750], '?': []}}",,,,
167,???????1750??????????????????????????????????????,1750,???,"{0: {'?': [], '?': [1750], '?': []}}",,,,
168,??1258???????????????????????,1258,???,"{0: {'?': [], '?': [1258], '?': []}}",,,,
169,??????????????1492???????????????????????????,1492,???,"{0: {'?': [], '?': [1492], '?': []}}",,,,
170,?????1368????????????????????????,1368,???,"{0: {'?': [], '?': [1368], '?': []}}",,,,
171,??????????1644????????????,1644,???,"{0: {'?': [], '?': [1644], '?': []}}",,,,
172,1840??????????????????,1840,???,"{0: {'?': [], '?': [1840], '?': []}}",,,,
173,1911?????????????????????????????????,1911,???,"{0: {'?': [], '?': [1911], '?': []}}",,,,
174,1990???????????????????????????????????????hyperpower?,1990,???,"{0: {'?': [], '?': [1990], '?': []}}",,,,
175,???????1917???????????????,1917,???,"{0: {'?': [], '?': [1917], '?': []}}",,,,
176,??????????1945??????1949????????????1950???1960?????????????,1945,???,"{0: {'?': [], '?': [1945], '?': []}, 1: {'?': [], '?': [1949], '?': []}, 2: {'?': [], '?': [1950, 1960], '?': []}}",1950.0,1949,,
177,1920???????????????????????????????,1920,???,"{0: {'?': [], '?': [1920], '?': []}}",,,,
178,?????????????1900???????????????????????????????????,1900,???,"{0: {'?': [], '?': [1900], '?': []}}",,,,
179,1960???????????????????????????????????????????????????,1960,???,"{0: {'?': [], '?': [1960], '?': []}}",,,,
180,????????????1960?????????????????????????????????????,1960,???,"{0: {'?': [], '?': [1960], '?': []}}",,,,
181,??1920???1930????????????,1920,???,"{0: {'?': [], '?': [1920, 1930], '?': []}}",,,,
182,???1989????????????????????????????,1989,???,"{0: {'?': [], '?': [1989], '?': []}}",,,,
183,???????????????1920?????????????,1920,???,"{0: {'?': [], '?': [1920], '?': []}}",,,,
184,??????????????T????????????????1960???1970??????????,1960,???,"{0: {'?': [], '?': [1960, 1970], '?': []}}",,,,
185,???????????????????????1933?????????????????????,1933,??????,"{0: {'?': [], '?': [1933], '?': []}}",,,,
186,1920???????????????????????????????????,1920,??????,"{0: {'?': [], '?': [1920], '?': []}}",,,,
187,1922??????????????????????????????????????????????,1922,??????,"{0: {'?': [], '?': [1922], '?': []}}",,,,
188,1930????????????????????????????????????????,1930,??????,"{0: {'?': [], '?': [1930], '?': []}}",,,,
189,?????????????????????????????1930????????????????????????,1930,??????,"{0: {'?': [], '?': [1930], '?': []}}",,,,
190,?????1933????????????????50m???40m?????????????????????RC???????,1933,??????,"{0: {'?': [], '?': [1933], '?': []}}",,,,
191,2007??????????????????????????????????????????????????????????2010?2?21???,2007,??????,"{0: {'?': [], '?': [2007], '?': []}, 1: {'?': [2], '?': [2010], '?': [21]}}",,2010,,
192,????????????????1970??????????????1981??????????????????????????????????????????,1970,????,"{0: {'?': [], '?': [1970], '?': []}, 1: {'?': [], '?': [1981], '?': []}}",,1981,,
193,1983???????????????????????????????????????,1983,????,"{0: {'?': [], '?': [1983], '?': []}}",,,,
194,1984???????????????????????????????????????????????????????????????,1984,????,"{0: {'?': [], '?': [1984], '?': []}}",,,,
195,??????????????????6???????????????????????????????????????????????????????????????,6,????,"{0: {'?': [], '?': [6], '?': []}}",,,,
196,?????????????????????????????????1281???????????????????????????????????????????????????????????????????????,1281,????,"{0: {'?': [], '?': [1281], '?': []}}",,,,
197,?1366??????????????????????,1366,????,"{0: {'?': [], '?': [1366], '?': []}}",,,,
198,1370???????????????????????????????????????????1384???????????,1370,????,"{0: {'?': [], '?': [1370], '?': []}, 1: {'?': [], '?': [1384], '?': []}}",,1384,,
199,1563?????????????????????,1563,????,"{0: {'?': [], '?': [1563], '?': []}}",,,,
200,?????1622????????????????,1622,????,"{0: {'?': [], '?': [1622], '?': []}}",,,,
201,1368?????????????????????????????????????????,1368,????,"{0: {'?': [], '?': [1368], '?': []}}",,,,
202,1371????????????????????,1371,????,"{0: {'?': [], '?': [1371], '?': []}}",,,,
203,1387?????????,1387,????,"{0: {'?': [], '?': [1387], '?': []}}",,,,
204,1392??????,1392,????,"{0: {'?': [], '?': [1392], '?': []}}",,,,
205,1563??????????,1563,????,"{0: {'?': [], '?': [1563], '?': []}}",,,,
206,1604?8?7?????????????????????????????????,1604,????,"{0: {'?': [8], '?': [1604], '?': [7]}}",,,,
207,1604?12?15??????????????????????,1604,????,"{0: {'?': [12], '?': [1604], '?': [15]}}",,,,
208,1622?????????????????????????????Cornelis Reijersen???600???????????????????????,1622,????,"{0: {'?': [], '?': [1622], '?': []}}",,,,
209,1624??????????????????????????????????,1624,????,"{0: {'?': [], '?': [1624], '?': []}}",,,,
210,16????????????????????????????????????????Pescadores???Pescado???????????Pescadores???????????????,1600,????,"{0: {'?': [], '?': [1600], '?': []}}",,,,
211,1604?????????????????Wijbrant Van Waerwijck????????????????????,1604,????,"{0: {'?': [], '?': [1604], '?': []}}",,,,
212,1622?????????????????????????????????????????????????????,1622,????,"{0: {'?': [], '?': [1622], '?': []}}",,,,
213,1623?11????????????????????????????????????????????????????????,1623,????,"{0: {'?': [11], '?': [1623], '?': []}}",,,,
214,1661?????????????????????????????????????????????,1661,????,"{0: {'?': [], '?': [1661], '?': []}}",,,,
215,1664??????????,1664,????,"{0: {'?': [], '?': [1664], '?': []}}",,,,
216,?????1622???????????????40?????????,40,????,"{0: {'?': [], '?': [40], '?': []}}",,,,
217,1665?????????????????????????????????????????????,1665,????,"{0: {'?': [], '?': [1665], '?': []}}",,,,
218,1680?10??????????????????????????????????????????????????????????,1680,????,"{0: {'?': [10], '?': [1680], '?': []}}",,,,
219,1681?????????????????????????????,1681,????,"{0: {'?': [], '?': [1681], '?': []}}",,,,
220,???????6??????????????????????????????????????????????????????????????????????????????????????,1681,????,"{0: {'?': [6], '?': [1681], '?': []}}",,,,
221,1682?10?28?????????????????,1682,????,"{0: {'?': [10], '?': [1682], '?': [28]}}",,,,
222,1683?6?14???????????????????3??????300????????????????,1683,????,"{0: {'?': [6], '?': [1683], '?': [14]}}",,,,
223,1727????????????????????????????????????????????,1727,????,"{0: {'?': [], '?': [1727], '?': []}}",,,,
224,1887???????????????????????????????????????????????,1887,????,"{0: {'?': [], '?': [1887], '?': []}}",,,,
225,1885?????????????????????????6??????????????????????????????,1885,????,"{0: {'?': [6], '?': [1885], '?': []}, 1: {'?': [], '?': [1885], '?': []}}",,1885,,
226,1886???????????????????????????????,1886,????,"{0: {'?': [], '?': [1886], '?': []}}",,,,
227,1895????????????????????????????????????????????????,1895,????,"{0: {'?': [], '?': [1895], '?': []}}",,,,
228,1920?????????????????????????????????????????????????,1920,????,"{0: {'?': [], '?': [1920], '?': []}}",,,,
229,1926?????????????1945????????????,1926,????,"{0: {'?': [], '?': [1926], '?': []}, 1: {'?': [], '?': [1945], '?': []}}",,1945,,
230,?????????????????????????????1905?(??38?),1905,?????,"{0: {'?': [], '?': [1905], '?': []}, 1: {'?': [], '?': [38], '?': []}}",,38,,
231,????????????1941????????????????????????????????????????????????????,1941,?????,"{0: {'?': [], '?': [1941], '?': []}}",,,,
232,1934??????????????????????????????????????????????????????????????????????,1934,?????,"{0: {'?': [], '?': [1934], '?': []}}",,,,
233,1949????????????????????????????????????????????????,1949,?????,"{0: {'?': [], '?': [1949], '?': []}}",,,,
234,1969?????????????1989??????????,1969,?????,"{0: {'?': [], '?': [1969], '?': []}, 1: {'?': [], '?': [1989], '?': []}}",,1989,,
235,1997???????????????????????????????1998?3?25??????????,1997,?????,"{0: {'?': [], '?': [1997], '?': []}, 1: {'?': [3], '?': [1998], '?': [25]}}",,1998,,
236,1934(??9)??????????(???????????)???3?26???????????????????????,1998,?????,"{0: {'?': [3], '?': [1998], '?': [26]}}",,,,
237,???9????????????2015?5?10????????????????????????????,2015,?????,"{0: {'?': [5], '?': [2015], '?': [10]}}",,,,
238,??????????????????????????1934?(??9?)??????????,1934,?????,"{0: {'?': [], '?': [1934], '?': []}, 1: {'?': [], '?': [9], '?': []}}",,9,,
239,????86????????????????,86,?????,"{0: {'?': [], '?': [86], '?': []}}",,,,
240,????????????????????????????????????????(????????????????)??1905(??38)?10?17?????????????????????????????(?????????)??????????????????,86,?????,"{0: {'?': [10], '?': [86], '?': [17]}}",,,,
241,??1915(??4)?12??????1??????????,86,?????,"{0: {'?': [12], '?': [86], '?': []}, 1: {'?': [1], '?': [86], '?': []}}",,86,,
242,??1??????????????????????????? ??????(????)???????????(????????)??????????????,86,?????,"{0: {'?': [1], '?': [86], '?': []}}",,,,
243,1930(??5)?4??????????????(????????????????????????????????????????)????????????????????,86,?????,"{0: {'?': [4], '?': [86], '?': []}}",,,,
244,??????????1934??????????? ??? ?,1934,?????,"{0: {'?': [], '?': [1934], '?': []}}",,,,
245,????????1913?6?17?????????????????????????????????????????????????????????,1913,??????,"{0: {'?': [6], '?': [1913], '?': [17]}}",,,,
246,1921????????????????30??????1997?????????????????????????????????,1921,??????,"{0: {'?': [], '?': [1921], '?': []}, 1: {'?': [], '?': [1997], '?': []}}",,1997,,
247,1945????????????????????????????????????????????????????????????,1945,??????,"{0: {'?': [], '?': [1945], '?': []}}",,,,
248,1994??????????????????????????????????????????????????????????????????????????????????????????????????????,1994,??????,"{0: {'?': [], '?': [1994], '?': []}}",,,,
249,1994?????????????????????????????????????????????????????,1994,??????,"{0: {'?': [], '?': [1994], '?': []}}",,,,
250,1998??????????????????????????????10?31?????,1998,??????,"{0: {'?': [10], '?': [1998], '?': [31]}, 1: {'?': [], '?': [1998], '?': []}}",,1998,,
251,1904???????1906????????????????????1920??????????????????????????????1923???,1904,??????,"{0: {'?': [], '?': [1904], '?': []}, 1: {'?': [], '?': [1906], '?': []}, 2: {'?': [], '?': [1920], '?': []}, 3: {'?': [], '?': [1923], '?': []}}",1920.0,1906,1923.0,
252,?1941????????????????????,1941,??????,"{0: {'?': [], '?': [1941], '?': []}}",,,,
253,1947??????????????????????????????????????????????????????,1947,??????,"{0: {'?': [], '?': [1947], '?': []}}",,,,
254,1985???????????????????????? ????????????????????1947????,1985,??????,"{0: {'?': [], '?': [1985], '?': []}, 1: {'?': [], '?': [1947], '?': []}}",,1947,,
255,1989?????????????????,1989,??????,"{0: {'?': [], '?': [1989], '?': []}}",,,,
256,????????????????????????????1917???????????????????,1917,??????,"{0: {'?': [], '?': [1917], '?': []}}",,,,
257,1999?6?29?????????????????????????????????????,1999,??????,"{0: {'?': [6], '?': [1999], '?': [29]}}",,,,
258,???????????????29?????????,29,??????,"{0: {'?': [], '?': [29], '?': []}}",,,,
259,??5?????????????????????????????????,5,??????,"{0: {'?': [], '?': [5], '?': []}}",,,,
260,1920?7?30????????????????????????????????????,1920,??????,"{0: {'?': [7], '?': [1920], '?': [30]}}",,,,
261,?????????????????????????13????????????????????????,13,??????,"{0: {'?': [], '?': [13], '?': []}}",,,,
262,?????1924???????????????????????????????,1924,??????,"{0: {'?': [], '?': [1924], '?': []}}",,,,
263,????????????????????60??????????7????????????????????????,7,??????,"{0: {'?': [], '?': [7], '?': []}}",,,,
264,??11????????????????????????????????????????????????????????????????????????????????????????????,11,??????,"{0: {'?': [], '?': [11], '?': []}}",,,,
265,??15??????????????????????39????????,15,??????,"{0: {'?': [], '?': [15], '?': []}, 1: {'?': [], '?': [39], '?': []}}",,39,,
266,????????????????????????????????????????????????????????????????????????????????????????????????????????????????????????????????????????????1980??????????????????????????????????????????????????????????????,1980,??????,"{0: {'?': [], '?': [1980], '?': []}}",,,,
267,2010?6?1?????????2012?1?5???,2010,??????,"{0: {'?': [6], '?': [2010], '?': [1]}, 1: {'?': [1], '?': [2012], '?': [5]}}",,2012,,
268,????????????????1?2?????1925??????????????????????1956??2006?11???????????????,1925,????????,"{0: {'?': [], '?': [1925], '?': []}, 1: {'?': [11], '?': [1956, 2006], '?': []}}",,1956,,
269,2006?11?10?????????????????,2006,????????,"{0: {'?': [11], '?': [2006], '?': [10]}}",,,,
270,2010?4?29??????????????????,2010,????????,"{0: {'?': [4], '?': [2010], '?': [29]}}",,,,
271,?2012?4??????????????????,2012,????,"{0: {'?': [4], '?': [2012], '?': []}}",,,,
272,????1964???????????????????????????,1964,????,"{0: {'?': [], '?': [1964], '?': []}}",,,,
273,2012????????????????????????????????????????,2012,????,"{0: {'?': [], '?': [2012], '?': []}}",,,,
274,?????????????1960??????????????????????????????????????????????????????????,1960,???,"{0: {'?': [], '?': [1960], '?': []}}",,,,
275,2011?8???????39?,-390011,???,"{0: {'?': [8], '?': [-390011], '?': []}}",,,,
276,??????????????????1947?4?1???????????1962????????????????????????????????????????????,1947,???,"{0: {'?': [4], '?': [1947], '?': [1]}, 1: {'?': [], '?': [1962], '?': []}}",,1962,,
277,2010?12?25??????????????????????,2010,???,"{0: {'?': [12], '?': [2010], '?': [25]}}",,,,
278,????????34?????????????????,34,???,"{0: {'?': [], '?': [34], '?': []}}",,,,
279,"????36?????2,6000???????????????????",36,???,"{0: {'?': [], '?': [36], '?': []}}",,,,
280,??48?????????????????????????????????????????????????????????????????,48,???,"{0: {'?': [], '?': [48], '?': []}}",,,,
281,??51?4?1????12?????????????????????????,51,???,"{0: {'?': [4], '?': [51], '?': [1]}}",,,,
282,?????????????1902???,1902,???,"{0: {'?': [], '?': [1902], '?': []}}",,,,
283,?????????????1922???,1922,???,"{0: {'?': [], '?': [1922], '?': []}}",,,,
284,?????????????1951???,1951,???,"{0: {'?': [], '?': [1951], '?': []}}",,,,
285,?????????????1958???,1958,???,"{0: {'?': [], '?': [1958], '?': []}}",,,,
286,?????????????1963????1970?????????????????,1963,???,"{0: {'?': [], '?': [1963], '?': []}, 1: {'?': [], '?': [1970], '?': []}}",,1970,,
287,?????????????1966???,1966,???,"{0: {'?': [], '?': [1966], '?': []}}",,,,
288,?????????????1969???,1969,???,"{0: {'?': [], '?': [1969], '?': []}}",,,,
289,?????????????1971???,1971,???,"{0: {'?': [], '?': [1971], '?': []}}",,,,
290,?????????????1974???,1974,???,"{0: {'?': [], '?': [1974], '?': []}}",,,,
291,1988?????????2????(?1?????????),1988,???,"{0: {'?': [], '?': [1988], '?': []}}",,,,
292,?????????????1981???,1981,???,"{0: {'?': [], '?': [1981], '?': []}}",,,,
293,?????????????1989???????????????????????????,1989,???,"{0: {'?': [], '?': [1989], '?': []}}",,,,
294,?????????????1989???,1989,???,"{0: {'?': [], '?': [1989], '?': []}}",,,,
295,?????????????1975???,1975,???,"{0: {'?': [], '?': [1975], '?': []}}",,,,
296,?????????????1995???,1995,???,"{0: {'?': [], '?': [1995], '?': []}}",,,,
297,??????????????????2014???????????,2014,???,"{0: {'?': [], '?': [2014], '?': []}}",,,,
298,???????????????1970???1980????????????????????,1970,???,"{0: {'?': [], '?': [1970, 1980], '?': []}}",,,,
299,??????2014????????????,2014,???,"{0: {'?': [], '?': [2014], '?': []}}",,,,
300,??????1979????????1???????1982????????1984???,1979,???,"{0: {'?': [], '?': [1979], '?': []}, 1: {'?': [], '?': [1982], '?': []}, 2: {'?': [], '?': [1984], '?': []}}",1984.0,1982,,
301,?2??????1985??1987???????????200???????,1985,???,"{0: {'?': [], '?': [1985, 1987], '?': []}, 1: {'?': [], '?': [200], '?': []}}",,200,,
302,?3??????1990?????1996???,1990,???,"{0: {'?': [], '?': [1990], '?': []}, 1: {'?': [], '?': [1996], '?': []}}",,1996,,
303,??????????????????????1963?9?11?????????363????438????????13950????10763?????????????????????,1963,???,"{0: {'?': [9], '?': [1963], '?': [11]}}",,,,
304,2004?8?25??????????????????????????????????,2004,???,"{0: {'?': [8], '?': [2004], '?': [25]}}",,,,
305,2010?10?9???????????????????????????????????????????,2010,???,"{0: {'?': [10], '?': [2010], '?': [9]}}",,,,
306,"???. ?????????, ?. ????. ????????. 1996?9? ?????????. ",1996,???,"{0: {'?': [9], '?': [1996], '?': []}}",,,,
307,1927??????????????????????????????????,1927,??????,"{0: {'?': [], '?': [1927], '?': []}}",,,,
308,1929????????,1929,??????,"{0: {'?': [], '?': [1929], '?': []}}",,,,
309,2000?????????????????????????????????????5?????????2001???,2000,??????,"{0: {'?': [], '?': [2000], '?': []}, 1: {'?': [], '?': [2001], '?': []}}",,2001,,
310,2004??????????????????????700??????????2005?11??????,2004,??????,"{0: {'?': [], '?': [2004], '?': []}, 1: {'?': [11], '?': [2005], '?': []}}",,2005,,
311,2006?8?21??????????????,2006,??????,"{0: {'?': [8], '?': [2006], '?': [21]}}",,,,
312,2009?4?9?????????????????????80?????????????????????????????????????????????????????????????????????????????,2009,??????,"{0: {'?': [4], '?': [2009], '?': [9]}}",,,,
313,2016???????????????1200??????????????,2016,??????,"{0: {'?': [], '?': [2016], '?': []}}",,,,
314,?2015???????????????????,2015,??????,"{0: {'?': [], '?': [2015], '?': []}}",,,,
315,2015?9?18???????????????????????????????,2015,??????,"{0: {'?': [9], '?': [2015], '?': [18]}}",,,,
316,?????????2016???????????????????????????????????????????????,2016,??????,"{0: {'?': [], '?': [2016], '?': []}}",,,,
317,??????????????????????????????????????????????2005?4?6????????,2005,???????,"{0: {'?': [4], '?': [2005], '?': [6]}}",,,,
318,??????? 1998?5?4?? ???????????????????????? ??????????????????????????? ????????????,1998,???????,"{0: {'?': [5], '?': [1998], '?': [4]}}",,,,
319,1945????????????? ????????????????????? ????????,1945,???????,"{0: {'?': [], '?': [1945], '?': []}}",,,,
320, 1996????????????? ????????????? ?????????????,1996,???????,"{0: {'?': [], '?': [1996], '?': []}}",,,,
321,??????????????????? 1995?,1995,???????,"{0: {'?': [], '?': [1995], '?': []}}",,,,
322,???????????(??)? 1984?,1984,???????,"{0: {'?': [], '?': [1984], '?': []}}",,,,
323,1898????????????????????????????????????????????,1898,?????????,"{0: {'?': [], '?': [1898], '?': []}}",,,,
324,1949????????0?????????????????,1949,?????????,"{0: {'?': [], '?': [1949], '?': []}}",,,,
325,1950???????15????????????21??,1950,?????????,"{0: {'?': [], '?': [1950], '?': []}}",,,,
326,1952??????61??,1952,?????????,"{0: {'?': [], '?': [1952], '?': []}}",,,,
327,1953?????????????????????????,1953,?????????,"{0: {'?': [], '?': [1953], '?': []}}",,,,
328,1957?????????????????????????,1957,?????????,"{0: {'?': [], '?': [1957], '?': []}}",,,,
329,1960???????821??,1960,?????????,"{0: {'?': [], '?': [1960], '?': []}}",,,,
330,1966??????????????????????,1966,?????????,"{0: {'?': [], '?': [1966], '?': []}}",,,,
331,1975???????????,1975,?????????,"{0: {'?': [], '?': [1975], '?': []}}",,,,
332,1976???????831??,1976,?????????,"{0: {'?': [], '?': [1976], '?': []}}",,,,
333,1986???????818??,1986,?????????,"{0: {'?': [], '?': [1986], '?': []}}",,,,
334,1998???????????,1998,?????????,"{0: {'?': [], '?': [1998], '?': []}}",,,,
335,2013?????????????????????,2013,?????????,"{0: {'?': [], '?': [2013], '?': []}}",,,,
336,1937?1953???????????????????????????????????,1953,??????,"{0: {'?': [], '?': [1953], '?': []}}",,,,
337,1998?8?12????????,1998,??????,"{0: {'?': [8], '?': [1998], '?': [12]}}",,,,
338,????????????????1912??1971????????????????????????????????????????????????,1912,????,"{0: {'?': [], '?': [1912, 1971], '?': []}}",,,,
339,1912?1?1?????????????????????????,1912,????,"{0: {'?': [1], '?': [1912], '?': [1]}}",,,,
340,??????????????????????????????????1949?????????????????????????????,1949,????,"{0: {'?': [], '?': [1949], '?': []}}",,,,
341,??1971????????????????????????????????????????????????????????????,1971,????,"{0: {'?': [], '?': [1971], '?': []}}",,,,
342,?1992?????????????????????????????????????????????????,1992,????,"{0: {'?': [], '?': [1992], '?': []}}",,,,
343,?????????????????????????????1949????????????????????????????????????????????????????????,1949,????,"{0: {'?': [], '?': [1949], '?': []}}",,,,
344,1905????????????????????????????????????????????????????????????????????,1905,????,"{0: {'?': [], '?': [1905], '?': []}}",,,,
345,??1923??????????????????????????????????????????????????????,1923,????,"{0: {'?': [], '?': [1923], '?': []}}",,,,
346,?????????????1912?????????????????????,1912,????,"{0: {'?': [], '?': [1912], '?': []}}",,,,
347,1949????????????????1950???1960??????????????????????????????????????????????????????,1949,????,"{0: {'?': [], '?': [1949], '?': []}, 1: {'?': [], '?': [1950, 1960], '?': []}}",,1950,,
348,?????????????????????1971?????????2758?????????????????????????????????????????????????????,1971,????,"{0: {'?': [], '?': [1971], '?': []}}",,,,
349,?????????1990???????????????????????????????????????,1990,????,"{0: {'?': [], '?': [1990], '?': []}}",,,,
350,?????????????????????????????????????????1984????????????????????????????????????????????????????????????,1984,????,"{0: {'?': [], '?': [1984], '?': []}}",,,,
351,1911?10?10????????????????????????????????,1911,????,"{0: {'?': [10], '?': [1911], '?': [10]}}",,,,
352,1912?1?1??16??????????????????,1912,????,"{0: {'?': [1], '?': [1912], '?': [1]}}",,,,
353,1915?????????????????????????,1915,????,"{0: {'?': [], '?': [1915], '?': []}}",,,,
354,1917??????????????????????????????????????,1917,????,"{0: {'?': [], '?': [1917], '?': []}}",,,,
355,1919???????????????????????????????????????????????????????????????????1921???,1919,????,"{0: {'?': [], '?': [1919], '?': []}, 1: {'?': [], '?': [1921], '?': []}}",,1921,,
356,1926??????????????????????????????????,1926,????,"{0: {'?': [], '?': [1926], '?': []}}",,,,
357,????1927????????????????????????????,1927,????,"{0: {'?': [], '?': [1927], '?': []}}",,,,
358,???1931??????????????????????????????????????,1931,????,"{0: {'?': [], '?': [1931], '?': []}}",,,,
359,1937?7?7???????????????????,1937,????,"{0: {'?': [7], '?': [1937], '?': [7]}}",,,,
360,?????????????????????1945?8?15????????????9?9?????,1945,????,"{0: {'?': [9], '?': [1945], '?': [9]}, 1: {'?': [8], '?': [1945], '?': [15]}}",,1945,,
361,1946?12?25????????????????????????????,1946,????,"{0: {'?': [12], '?': [1946], '?': [25]}}",,,,
362,1947??????????????????????????,1947,????,"{0: {'?': [], '?': [1947], '?': []}}",,,,
363,????????1948??????????????????????????????????????????????????,1948,????,"{0: {'?': [], '?': [1948], '?': []}}",,,,
364,1949?10????????????????????,1949,????,"{0: {'?': [10], '?': [1949], '?': []}}",,,,
365,??12??????????????????????????,1949,????,"{0: {'?': [12], '?': [1949], '?': []}}",,,,
366,?1950???????????????????S??????????????????????????????,1950,????,"{0: {'?': [], '?': [1950], '?': []}}",,,,
367,???????????????1955???????????????????????????????????????????????,1955,????,"{0: {'?': [], '?': [1955], '?': []}}",,,,
368,1950???????????????????????????????????????????????????????,1950,????,"{0: {'?': [], '?': [1950], '?': []}}",,,,
369,"??????1950???1960?????????????????????????????140,000??????????????????????????????",1950,????,"{0: {'?': [], '?': [1950, 1960], '?': []}}",,,,
370,1960???1970?????????????????????????,1960,????,"{0: {'?': [], '?': [1960, 1970], '?': []}}",,,,
371,1970???????????????????????????????????????,1970,????,"{0: {'?': [], '?': [1970], '?': []}}",,,,
372,??1971???????????????2758?????????????????????????,1971,????,"{0: {'?': [], '?': [1971], '?': []}}",,,,
373,????1975?????????????????????????????????,1975,????,"{0: {'?': [], '?': [1975], '?': []}}",,,,
374,?????????????????????????1970??????????,1970,????,"{0: {'?': [], '?': [1970], '?': []}}",,,,
375,1979??????????????????????????,1979,????,"{0: {'?': [], '?': [1979], '?': []}}",,,,
376,??????????????????????????????????1986???,1986,????,"{0: {'?': [], '?': [1986], '?': []}}",,,,
377,1988?????????????????????????????????????????????,1988,????,"{0: {'?': [], '?': [1988], '?': []}}",,,,
378,???????????1996??????????????????,1996,????,"{0: {'?': [], '?': [1996], '?': []}}",,,,
379,2000??????????????????????????????,2000,????,"{0: {'?': [], '?': [2000], '?': []}}",,,,
380,???8????????????????????????????????????????????,8,????,"{0: {'?': [], '?': [8], '?': []}}",,,,
381,2008??2012?????????????????????????????,2008,????,"{0: {'?': [], '?': [2008, 2012], '?': []}}",,,,
382,2016??????????????????????????????????,2016,????,"{0: {'?': [], '?': [2016], '?': []}}",,,,
383,?????1912?????????????????,1912,????,"{0: {'?': [], '?': [1912], '?': []}}",,,,
384,"???????????????1950?????????99%????????180????????1%?????????????36,197????",1950,????,"{0: {'?': [], '?': [1950], '?': []}}",,,,
385,"??????????????1624????????????1991??2000?????91?????????48???????????1999????921??????2,400????",1624,????,"{0: {'?': [], '?': [1624], '?': []}, 1: {'?': [], '?': [1991, 2000], '?': []}, 2: {'?': [], '?': [1999], '?': []}}",1999.0,1991,,
386,?????????1??3??????????????????,"{'?': [1, 3], '?': [], '?': []}",????,"{0: {'?': [1, 3], '?': [], '?': []}}",,,,
387,5???????6??9??????????????????,1999,????,"{0: {'?': [5], '?': [1999], '?': []}, 1: {'?': [6, 9], '?': [], '?': []}}",,"{'?': [6, 9], '?': [], '?': []}",,
388,???7??10??????????????????????11??12?????,"{'?': [7, 10], '?': [], '?': []}",????,"{0: {'?': [7, 10], '?': [], '?': []}, 1: {'?': [11, 12], '?': [], '?': []}}",,"{'?': [11, 12], '?': [], '?': []}",,
389,"???????2,600????????????3?????????90%???5??10??????????????60%","{'?': [5, 10], '?': [], '?': []}",????,"{0: {'?': [5, 10], '?': [], '?': []}}",,,,
390,"?1972??????????????????????????????????????9??????????7,489.49????",1972,????,"{0: {'?': [], '?': [1972], '?': []}}",,,,
391,1994????????????????????????4???????,1994,????,"{0: {'?': [], '?': [1994], '?': []}, 1: {'?': [], '?': [4], '?': []}}",,4,,
392,??????????????113????4?,4,????,"{0: {'?': [], '?': [4], '?': []}}",,,,
393,?????????????????2005?????????????????????????????????????????????????????,2005,????,"{0: {'?': [], '?': [2005], '?': []}}",,,,
394,"?????????????????????????2008???338,305??????",2008,????,"{0: {'?': [], '?': [2008], '?': []}}",,,,
395,1936?5?5?????????????????????????????,1936,????,"{0: {'?': [5], '?': [1936], '?': [5]}}",,,,
396,??????????????????????????????????????1946?12?25????????1?1???????????12?25?????,1946,????,"{0: {'?': [1], '?': [1946], '?': [1]}, 1: {'?': [12], '?': [1946], '?': [25]}, 2: {'?': [12], '?': [1946], '?': [25]}}",1946.0,1946,,
397,?1948??1987????????????????????,1948,????,"{0: {'?': [], '?': [1948, 1987], '?': []}}",,,,
398,??1970???????????????????????????????1990??????????????,1970,????,"{0: {'?': [], '?': [1970], '?': []}, 1: {'?': [], '?': [1990], '?': []}}",,1990,,
399,?????????????????????????????2006???????80%???????????,2006,????,"{0: {'?': [], '?': [2006], '?': []}}",,,,
400,?1989??????????????????,1989,????,"{0: {'?': [], '?': [1989], '?': []}}",,,,
401,2003???????2011???200???2015???286?????????????????????????????????????????????????????????????,2003,????,"{0: {'?': [], '?': [2003], '?': []}, 1: {'?': [], '?': [2011], '?': []}, 2: {'?': [], '?': [2015], '?': []}}",2015.0,2011,,
402,1661??1895????????????????,1661,????,"{0: {'?': [], '?': [1661, 1895], '?': []}}",,,,
403,1940???1950??????????????????????98%??????,1940,????,"{0: {'?': [], '?': [1940, 1950], '?': []}}",,,,
404,TVBS?????????????????2009?????70%??????????????10%?16%?,2009,????,"{0: {'?': [], '?': [2009], '?': []}}",,,,
405,???????????????1950????????????????????????????????????????????????,1950,????,"{0: {'?': [], '?': [1950], '?': []}}",,,,
406,??2011???????????????14%?????????15%??????????????4%??????????10%????????????52%??????????,2011,????,"{0: {'?': [], '?': [2011], '?': []}}",,,,
407,???????1949?????????????????????????????????????????????????????,1949,????,"{0: {'?': [], '?': [1949], '?': []}}",,,,
408,?1949???????????????????????????????????????,1949,????,"{0: {'?': [], '?': [1949], '?': []}}",,,,
409,????????????1956??1998????????????????????????????????????????????,1956,????,"{0: {'?': [], '?': [1956, 1998], '?': []}}",,,,
410,???1967???1979?????????????????????????????,1967,????,"{0: {'?': [], '?': [1967, 1979], '?': []}}",,,,
411,2010????????????????????????5????????????,2010,????,"{0: {'?': [], '?': [2010], '?': []}}",,,,
412,????????200??????????2014????????????????????????????,2014,????,"{0: {'?': [], '?': [2014], '?': []}}",,,,
413,?????1913??????????????????????????35??????,1913,????,"{0: {'?': [], '?': [1913], '?': []}}",,,,
414,1921?????????????????????????????????????6????,1921,????,"{0: {'?': [], '?': [1921], '?': []}}",,,,
415,?????1927???????????????????,1927,????,"{0: {'?': [], '?': [1927], '?': []}}",,,,
416,1947????????????35????12?????1???????????,1947,????,"{0: {'?': [], '?': [1947], '?': []}}",,,,
417,???????1949???????????????????1991???????????????????,1949,????,"{0: {'?': [], '?': [1949], '?': []}, 1: {'?': [], '?': [-1991], '?': []}}",,-1991,,
418,2000??2008????????????????????????????,2000,????,"{0: {'?': [], '?': [2000, 2008], '?': []}}",,,,
419,1993??????????????????????????????????????????????????????????????????????,1993,????,"{0: {'?': [], '?': [1993], '?': []}}",,,,
420,????????????????1946????????????,1946,????,"{0: {'?': [], '?': [1946], '?': []}}",,,,
421,??????????????1953????????????????????,1953,????,"{0: {'?': [], '?': [1953], '?': []}}",,,,
422,??2002??????????????????????????????????????????????????,2002,????,"{0: {'?': [], '?': [2002], '?': []}}",,,,
423,1912?3?????????????????????????????????????????????????????,1912,????,"{0: {'?': [3], '?': [1912], '?': []}}",,,,
424,1928??????????????????????????1931???????????????????????????????????????????,1928,????,"{0: {'?': [], '?': [1928], '?': []}, 1: {'?': [], '?': [1931], '?': []}}",,1931,,
425,???1937???????????????????????????????11?21??????????????????????,1937,????,"{0: {'?': [11], '?': [1937], '?': [21]}, 1: {'?': [], '?': [1937], '?': []}}",,1937,,
426,???????????????????????????1946?5?5?????????,1946,????,"{0: {'?': [5], '?': [1946], '?': [5]}}",,,,
427,???11?15?????????????????????????????????????????????????????????????????????????,1946,????,"{0: {'?': [11], '?': [1946], '?': [15]}}",,,,
428,???????????12?25?????????????????????????????????,1946,????,"{0: {'?': [12], '?': [1946], '?': [25]}}",,,,
429,?1949??????????????????????,1949,????,"{0: {'?': [], '?': [1949], '?': []}}",,,,
430,??????????????????1949?12?????????????????????,1949,????,"{0: {'?': [12], '?': [1949], '?': []}}",,,,
431,??1967?????????????????????????????????????????????????,1967,????,"{0: {'?': [], '?': [1967], '?': []}}",,,,
432,?????2002????????????????????????????????????????????????????????????????,2002,????,"{0: {'?': [], '?': [2002], '?': []}}",,,,
433,1945??????????????????????????????????????,1945,????,"{0: {'?': [], '?': [1945], '?': []}}",,,,
434,1949????????????????????????,1949,????,"{0: {'?': [], '?': [1949], '?': []}}",,,,
435,?1971?????????2758??????????????????????????????????????????????????????,1971,????,"{0: {'?': [], '?': [1971], '?': []}}",,,,
436,?????????????1970??????????????????????????????,1970,????,"{0: {'?': [], '?': [1970], '?': []}}",,,,
437,1993??2008??????????????????????????????????,1993,????,"{0: {'?': [], '?': [1993, 2008], '?': []}}",,,,
438,1949???????????????????????????????,1949,????,"{0: {'?': [], '?': [1949], '?': []}}",,,,
439,1986???????????????????????????????????,1986,????,"{0: {'?': [], '?': [1986], '?': []}}",,,,
440,1991?????????????????????????????????????,1991,????,"{0: {'?': [], '?': [1991], '?': []}}",,,,
441,2000???????????????????????????2006????????????????????????????,2000,????,"{0: {'?': [], '?': [2000], '?': []}, 1: {'?': [], '?': [2006], '?': []}}",,2006,,
442,2008??????????????????????????????????????????????????,2008,????,"{0: {'?': [], '?': [2008], '?': []}}",,,,
443,2012????????????????????????????,2012,????,"{0: {'?': [], '?': [2012], '?': []}}",,,,
444,2015???????????????????????????????????????,2015,????,"{0: {'?': [], '?': [2015], '?': []}}",,,,
445,?????????????????????????????????????????????????????1980???????????????????????????????,1980,????,"{0: {'?': [], '?': [1980], '?': []}}",,,,
446,2005??????????????????????????????????????????,2005,????,"{0: {'?': [], '?': [2005], '?': []}}",,,,
447,??????????????????????????????????????????????????????????????????????????????1948??1949?????????,1948,????,"{0: {'?': [], '?': [1948, 1949], '?': []}}",,,,
448,"?1997??????????????????????1997??450,000???2001??380,000?",1997,????,"{0: {'?': [], '?': [1997], '?': []}, 1: {'?': [], '?': [1997], '?': []}, 2: {'?': [], '?': [2001], '?': []}}",2001.0,1997,,
449,"2009????????300,000???",2009,????,"{0: {'?': [], '?': [2009], '?': []}}",,,,
450,"???2005????????????3,600,000?",2005,????,"{0: {'?': [], '?': [2005], '?': []}}",,,,
451,??1949???????????????????????????????????????????????????????????,1949,????,"{0: {'?': [], '?': [1949], '?': []}}",,,,
452,"?2002??2011??????????2,500??3,300?????????15.52%?19.51%",2002,????,"{0: {'?': [], '?': [2002, 2011], '?': []}}",,,,
453,???????????????????????????1990???????????????????,1990,????,"{0: {'?': [], '?': [1990], '?': []}}",,,,
454,???????1949?????????????????1960????????????????,1949,????,"{0: {'?': [], '?': [1949], '?': []}, 1: {'?': [], '?': [1960], '?': []}}",,1960,,
455,"2014??????????5,295.87?????????????687,438??",2014,????,"{0: {'?': [], '?': [2014], '?': []}}",,,,
456,"??????????????????????????????????2015?7????????4219,6???",2015,????,"{0: {'?': [7], '?': [2015], '?': []}}",,,,
457,?????????????????????????????????????????????????2010?????????????????,2010,????,"{0: {'?': [], '?': [2010], '?': []}}",,,,
458,"2014???????????????????45,853.742????????????",2014,????,"{0: {'?': [], '?': [2014], '?': []}}",,,,
459,2015?????????????????????????????,2015,????,"{0: {'?': [], '?': [2015], '?': []}}",,,,
460,"?????????????2014????????5,880.7??????????????3,138.4????2,742.3???",2014,????,"{0: {'?': [], '?': [2014], '?': []}}",,,,
461,????????1952??32.1%???2013??????????1.7%,1952,????,"{0: {'?': [], '?': [1952], '?': []}, 1: {'?': [], '?': [2013], '?': []}}",,2013,,
462,"2008?????????????????1,500??????50,000??????1,000,000??????????????",2008,????,"{0: {'?': [], '?': [2008], '?': []}}",,,,
463,????????????????????2000??2008?????????4%,2000,????,"{0: {'?': [], '?': [2000, 2008], '?': []}}",,,,
464,??????2008???633?????????????2009?7???????6.07%?2015?6???????3.71%,2008,????,"{0: {'?': [], '?': [2008], '?': []}, 1: {'?': [7], '?': [2009], '?': []}, 2: {'?': [6], '?': [2015], '?': []}}",2015.0,2009,,
465,?????????????????????????????????????????2002????????????????????????,2002,????,"{0: {'?': [], '?': [2002], '?': []}}",,,,
466,???????????????????????1978??????373???????????1997??????432???????????,1978,????,"{0: {'?': [], '?': [1978], '?': []}, 1: {'?': [], '?': [1997], '?': []}}",,1997,,
467,"???????????????????????2008???7,200????????",2008,????,"{0: {'?': [], '?': [2008], '?': []}}",,,,
468,"??2013?????????????????????622,705?",2013,????,"{0: {'?': [], '?': [2013], '?': []}}",,,,
469,2007?1??????????????????345???????????,2007,????,"{0: {'?': [1], '?': [2007], '?': []}}",,,,
470,"?????????????????????????????????90????2013???4,749????????",2013,????,"{0: {'?': [], '?': [2013], '?': []}}",,,,
471,"?2013??????72??????????????????1,409.3????5,017.5???????????????????????",2013,????,"{0: {'?': [], '?': [2013], '?': []}}",,,,
472,2013????63???????????????????????????????????,2013,????,"{0: {'?': [], '?': [2013], '?': []}}",,,,
473,???????2003??????????????????????????????????????,2003,????,"{0: {'?': [], '?': [2003], '?': []}}",,,,
474,???????1996?????????????????????????????????????????????????????????????????????,1996,????,"{0: {'?': [], '?': [1996], '?': []}}",,,,
475,??????????????????????2014?????????35.29%???????????2003?????????????????,2014,????,"{0: {'?': [], '?': [2014], '?': []}, 1: {'?': [], '?': [2003], '?': []}}",,2003,,
476, ?????????????????????????2008???????700??????????????,2008,????,"{0: {'?': [], '?': [2008], '?': []}}",,,,
477,?2005?????????????????????????????????????????????????????,2005,????,"{0: {'?': [], '?': [2005], '?': []}}",,,,
478,???1999?1?????????10?????????????????????????????????????????????????????????????,1999,????,"{0: {'?': [1], '?': [1999], '?': []}, 1: {'?': [], '?': [10], '?': []}}",,10,,
479,?1980???????????????????????????????????????????????????????????????????????????????????????????????????????,1980,????,"{0: {'?': [], '?': [1980], '?': []}}",,,,
480,2009?5??????????????????????????????????????????????????????????????????????????,2009,????,"{0: {'?': [5], '?': [2009], '?': []}}",,,,
481,"??????????2013????????????????2,337?????59.92%?????????????????????646????????????????????????????",2013,????,"{0: {'?': [], '?': [2013], '?': []}}",,,,
482,????84%??????????????????17???1945???????????????????????,1700,????,"{0: {'?': [], '?': [1700, 1945], '?': []}}",,,,
483,???14%??????1945????????????????????????????????????????????2%??????????????????,1945,????,"{0: {'?': [], '?': [1945], '?': []}}",,,,
484,1920?????????????????????????1940????,1920,????,"{0: {'?': [], '?': [1920], '?': []}, 1: {'?': [], '?': [1940], '?': []}}",,1940,,
485,??2010??????6??????????????????????????83.6%?81.9%?????????????????6.6%?1.4%????????????????????????????,2010,????,"{0: {'?': [], '?': [2010], '?': []}}",,,,
486,?????????????????????1990????????????,1990,????,"{0: {'?': [], '?': [1990], '?': []}}",,,,
487,"??2005????????18,718,600?????81.3%????????14%?18%????????",2005,????,"{0: {'?': [], '?': [2005], '?': []}}",,,,
488,"??2008????????14,993??????????11,731????????????3,262???????1,500?????????????????",2008,????,"{0: {'?': [], '?': [2008], '?': []}}",,,,
489,????????????????????2013?7?????????????????1995??????????????????????????,2013,????,"{0: {'?': [7], '?': [2013], '?': []}, 1: {'?': [], '?': [1995], '?': []}}",,1995,,
490,2013?????????79.5?????????????,2013,????,"{0: {'?': [], '?': [2013], '?': []}}",,,,
491,2014?????????????????????65?????????????10%??,2014,????,"{0: {'?': [], '?': [2014], '?': []}}",,,,
492,?????2025????????????20%??,2025,????,"{0: {'?': [], '?': [2025], '?': []}}",,,,
493,"??????????????????????2008????1,074????",2008,????,"{0: {'?': [], '?': [2008], '?': []}}",,,,
494,2007?????25??65????????????????????????????,2007,????,"{0: {'?': [], '?': [2007], '?': []}}",,,,
495,"?2008???????????????????150??????????2???????3,000???????????????????????????",2008,????,"{0: {'?': [], '?': [2008], '?': []}}",,,,
496,"2013???????????????3.9????10,000???20.02????5.31????69.01????????",2013,????,"{0: {'?': [], '?': [2013], '?': []}}",,,,
497,"??2012???????502?????20,935????????82??????447?????",2012,????,"{0: {'?': [], '?': [2012], '?': []}}",,,,
498,"?2009?????????3,360????????????????75.1%????????????????20.5%??????????????4.4%???????????????????????????????",2009,????,"{0: {'?': [], '?': [2009], '?': []}}",,,,
499,??2012????????????????????????????????????????????????,2012,????,"{0: {'?': [], '?': [2012], '?': []}}",,,,
500,??????????????????????????????1945???????????????,1945,????,"{0: {'?': [], '?': [1945], '?': []}}",,,,
501,??????????????????9???????????????????????????2012?????99.15%??????????????????????,9,????,"{0: {'?': [], '?': [9], '?': []}, 1: {'?': [], '?': [2012], '?': []}}",,2012,,
502,?????????????6???????3???????3?????????4???????????????????????????????????????????????????????????,6,????,"{0: {'?': [], '?': [6], '?': []}, 1: {'?': [], '?': [3], '?': []}, 2: {'?': [], '?': [3], '?': []}, 3: {'?': [], '?': [4], '?': []}}",3.0,3,4.0,
503,????????2007???????????????????????????????????????????????????,2007,????,"{0: {'?': [], '?': [2007], '?': []}}",,,,
504,2011?1????????????????2014???????????????????????????????,2011,????,"{0: {'?': [1], '?': [2011], '?': []}, 1: {'?': [], '?': [2014], '?': []}}",,2014,,
505,???????????4??6??????????????????????????????????????????????????????????????????????2011???????????1?,2011,????,"{0: {'?': [], '?': [2011], '?': []}, 1: {'?': [], '?': [1], '?': []}}",,1,,
506,???4????????????????????????????????????????????????????1.3??????,4,????,"{0: {'?': [], '?': [4], '?': []}}",,,,
507,??2012?????????????????1.71%??,2012,????,"{0: {'?': [], '?': [2012], '?': []}}",,,,
508,1999?????????????????????????????????,1999,????,"{0: {'?': [], '?': [1999], '?': []}}",,,,
509,"?2008???1,300???????????????????????",2008,????,"{0: {'?': [], '?': [2008], '?': []}}",,,,
510,?????????1924???????????????????????????????????????,1924,????,"{0: {'?': [], '?': [1924], '?': []}}",,,,
511,"??2013?10?????????????????1,737???????????????????",2013,????,"{0: {'?': [10], '?': [2013], '?': []}}",,,,
512,?2013?12??????171????????????????????????,2013,????,"{0: {'?': [12], '?': [2013], '?': []}}",,,,
513,??????????????1962?????????????????????????????????????????????1993?????????????????????,1962,????,"{0: {'?': [], '?': [1962], '?': []}, 1: {'?': [], '?': [1993], '?': []}}",,1993,,
514,??2008?????????78.7%????????????????????????????????????,2008,????,"{0: {'?': [], '?': [2008], '?': []}}",,,,
515,2013?12???????????????108?????????????7?????????????????????280?????????????????????TVBS??????????????????????,2013,????,"{0: {'?': [12], '?': [2013], '?': []}}",,,,
516,?????????????????50??????????????????????????????,50,????,"{0: {'?': [], '?': [50], '?': []}}",,,,
517,???????????????1949?????????????????????????????????????????,1949,????,"{0: {'?': [], '?': [1949], '?': []}}",,,,
518,??1987???????????????????????????????????,1987,????,"{0: {'?': [], '?': [1987], '?': []}}",,,,
519,??2000??????????????????????????????????????????????????????????????,2000,????,"{0: {'?': [], '?': [2000], '?': []}}",,,,
520,1960???????????200??300???????????????????????????????,1960,????,"{0: {'?': [], '?': [1960], '?': []}}",,,,
521,??1980?????????????????????????????????????????,1980,????,"{0: {'?': [], '?': [1980], '?': []}}",,,,
522,???2008???????????????????????????????,2008,????,"{0: {'?': [], '?': [2008], '?': []}}",,,,
523,"???????????????????????????2015???10,439,785???????2014??????5.34%?2015???????????????????????????????????????????????????????????????",2015,????,"{0: {'?': [], '?': [2015], '?': []}, 1: {'?': [], '?': [2014], '?': []}, 2: {'?': [], '?': [2015], '?': []}}",2015.0,2014,,
524,????????????2004??2010??????????????101???????????????????????????????????,2004,????,"{0: {'?': [], '?': [2004, 2010], '?': []}}",,,,
525,?1933???????????????????????????????????????????????????????????????????,1933,????,"{0: {'?': [], '?': [1933], '?': []}}",,,,
526,????????????????????????12??????????????,12,????,"{0: {'?': [], '?': [12], '?': []}}",,,,
527,?????????1973????1989????????????????2003???????????,1973,????,"{0: {'?': [], '?': [1973], '?': []}, 1: {'?': [], '?': [1989], '?': []}, 2: {'?': [], '?': [2003], '?': []}}",2003.0,1989,,
528,"????????????4?????????24????????6,079???",24,????,"{0: {'?': [], '?': [24], '?': []}}",,,,
529,???????2001??2007?????????2007????????2013???????????1982??1992??????????????????,2001,????,"{0: {'?': [], '?': [2001, 2007], '?': []}, 1: {'?': [], '?': [2007], '?': []}, 2: {'?': [], '?': [2013], '?': []}, 3: {'?': [], '?': [1982, 1992], '?': []}}",2013.0,2007,1982.0,
530,????????2004???????????????????????????????????,2004,????,"{0: {'?': [], '?': [2004], '?': []}}",,,,
531,?????????????2008????????????2009??????????????,2008,????,"{0: {'?': [], '?': [2008], '?': []}, 1: {'?': [], '?': [2009], '?': []}}",,2009,,
532,?????????????????????2012?????????????,2012,????,"{0: {'?': [], '?': [2012], '?': []}}",,,,
533,??????????2???????????????????????????????????????????????????????????????????,2,????,"{0: {'?': [], '?': [2], '?': []}}",,,,
534,??????????????????????????????????LPGA?????????????2009??????????????2009???????????????2017??????????,2009,????,"{0: {'?': [], '?': [2009], '?': []}, 1: {'?': [], '?': [2009], '?': []}, 2: {'?': [], '?': [2017], '?': []}}",2017.0,2009,,
535,???????????1921?????,1921,?????,"{0: {'?': [], '?': [1921], '?': []}}",,,,
536,17??????????????????????????????????????????????????????????????????????????,1700,???,"{0: {'?': [], '?': [1700], '?': []}}",,,,
537,1694????????????????????????????????????????????????????????????????????????????????,1694,?????,"{0: {'?': [], '?': [1694], '?': []}}",,,,
538,1700??????????????????????????????????????????????????????????1730??????1774???,1700,?????,"{0: {'?': [], '?': [1700], '?': []}, 1: {'?': [], '?': [1730], '?': []}, 2: {'?': [], '?': [1774], '?': []}}",1774.0,1730,,
539,1837?????????????????????????????????????????????????????????????,1837,?????,"{0: {'?': [], '?': [1837], '?': []}}",,,,
540,1867??????????????????????????????????????????????????????????,1867,?????,"{0: {'?': [], '?': [1867], '?': []}}",,,,
541,1905?4????????????????????????????????????????????,1905,?????,"{0: {'?': [4], '?': [1905], '?': []}}",,,,
542,1915?3?????????????????????,1915,?????,"{0: {'?': [3], '?': [1915], '?': []}}",,,,
543,1921?3????????????????????????????????????????????,1921,?????,"{0: {'?': [3], '?': [1921], '?': []}}",,,,
544,2010?3?31????????????????????????????????????????????????????????????????????????????????????????3???????????????????????????????????????????,2010,?????,"{0: {'?': [3], '?': [2010], '?': [31]}}",,,,
545,??????????????????2008?7?11?????????????????????????????????????????,2008,?????,"{0: {'?': [7], '?': [2008], '?': [11]}}",,,,
546,?2011?4?21?????????????????????????????????????????????????????????????????????,2011,?????,"{0: {'?': [4], '?': [2011], '?': [21]}}",,,,
547,?1?-???????????????39? (1700) ???49? (1710),39,?????,"{0: {'?': [], '?': [39], '?': []}, 1: {'?': [], '?': [49], '?': []}}",,49,,
548,?2?-????:?????49? (1710) ???53? (1788),49,?????,"{0: {'?': [], '?': [49], '?': []}, 1: {'?': [], '?': [53], '?': []}}",,53,,
549,???????53???,53,?????,"{0: {'?': [], '?': [53], '?': []}}",,,,
550,?3?-????:?????53? (1788) ???60?-??9?(1804)?,53,?????,"{0: {'?': [], '?': [53], '?': []}, 1: {'?': [], '?': [60], '?': []}, 2: {'?': [], '?': [9], '?': []}}",9.0,60,,
551,?4?-???? :?????60? (1795) -??9? (1804) ????4? ( 1824),60,?????,"{0: {'?': [], '?': [60], '?': []}, 1: {'?': [], '?': [9], '?': []}, 2: {'?': [], '?': [4], '?': []}}",4.0,9,,
552,??30? (1765) ?????4???,30,?????,"{0: {'?': [], '?': [30], '?': []}, 1: {'?': [], '?': [4], '?': []}}",,4,,
553,?5?-???? :?????4? (1824) ???7? (1857),4,?????,"{0: {'?': [], '?': [4], '?': []}, 1: {'?': [], '?': [7], '?': []}}",,7,,
554,??8? (1803) ?????7? (1857) ??,8,?????,"{0: {'?': [], '?': [8], '?': []}, 1: {'?': [], '?': [7], '?': []}}",,7,,
555,?6?-????:?????7? (1857) ???3? (1877),7,?????,"{0: {'?': [], '?': [7], '?': []}, 1: {'?': [], '?': [3], '?': []}}",,3,,
556,??13? (1808) ?????3? (1877) ??,13,?????,"{0: {'?': [], '?': [13], '?': []}, 1: {'?': [], '?': [3], '?': []}}",,3,,
557,?7?-????:?????3? (1877) ???10? (1884),3,?????,"{0: {'?': [], '?': [3], '?': []}, 1: {'?': [], '?': [10], '?': []}}",,10,,
558,??29? (1849)?????10???,29,?????,"{0: {'?': [], '?': [29], '?': []}, 1: {'?': [], '?': [10], '?': []}}",,10,,
559,?8?-????:?????10? (1884) ???43? (??26??1900),10,?????,"{0: {'?': [], '?': [10], '?': []}, 1: {'?': [], '?': [43], '?': []}, 2: {'?': [], '?': [26], '?': []}}",26.0,43,,
560,??4? (1854) ?????26???,4,?????,"{0: {'?': [], '?': [4], '?': []}, 1: {'?': [], '?': [26], '?': []}}",,26,,
561,?9?-????:?????43? (1900) ???12? (??12??1923),43,?????,"{0: {'?': [], '?': [43], '?': []}, 1: {'?': [], '?': [12], '?': []}, 2: {'?': [], '?': [12], '?': []}}",12.0,12,,
562,??16? (1890)?????12???,16,?????,"{0: {'?': [], '?': [16], '?': []}, 1: {'?': [], '?': [12], '?': []}}",,12,,
563,?10?-????:?????13? (??13??1924) ???60? (1971),13,?????,"{0: {'?': [], '?': [13], '?': []}, 1: {'?': [], '?': [13], '?': []}, 2: {'?': [], '?': [60], '?': []}}",60.0,13,,
564,??24? (1898)????? ?????60???,24,?????,"{0: {'?': [], '?': [24], '?': []}, 1: {'?': [], '?': [60], '?': []}}",,60,,
565,?11?-??????????60? (1971) ???76?(1987),60,?????,"{0: {'?': [], '?': [60], '?': []}, 1: {'?': [], '?': [76], '?': []}}",,76,,
566,??11? (1922) ???????????76???,11,?????,"{0: {'?': [], '?': [11], '?': []}, 1: {'?': [], '?': [76], '?': []}}",,76,,
567,?12?-??????????76? (1987) ???82? (1993),76,?????,"{0: {'?': [], '?': [76], '?': []}, 1: {'?': [], '?': [82], '?': []}}",,82,,
568,??22? (1946) ???????????82???,22,?????,"{0: {'?': [], '?': [22], '?': []}, 1: {'?': [], '?': [82], '?': []}}",,82,,
569,?13?-??????????82? (1993) ???83? (1994),82,?????,"{0: {'?': [], '?': [82], '?': []}, 1: {'?': [], '?': [83], '?': []}}",,83,,
570,???????????92? (2003) ??,92,?????,"{0: {'?': [], '?': [92], '?': []}}",,,,
571,?14?-??????????85? (1996) ???93? (2004),85,?????,"{0: {'?': [], '?': [85], '?': []}, 1: {'?': [], '?': [93], '?': []}}",,93,,
572,?? ?????10? (1921)?????98???,10,?????,"{0: {'?': [], '?': [10], '?': []}, 1: {'?': [], '?': [98], '?': []}}",,98,,
573,?15?-????????????????93? (2004) ??,93,?????,"{0: {'?': [], '?': [93], '?': []}}",,,,
574,??18? (1943) ????? ???????????????????,18,?????,"{0: {'?': [], '?': [18], '?': []}}",,,,
575,??????????????????????????????????????????????????200????,200,?????,"{0: {'?': [], '?': [200], '?': []}}",,,,
576,?????????????????????????????????????(1913?)??????????????????????????????????????????????????????????????????????????????????????????????????????(??)??????????,1913,?????,"{0: {'?': [], '?': [1913], '?': []}}",,,,
577,?????????????????????????????????????????????????????????????????????????????2007?7?3???????????2009?5?27???????,2007,????,"{0: {'?': [7], '?': [2007], '?': [3]}, 1: {'?': [5], '?': [2009], '?': [27]}}",,2009,,
578,?????????????????????10?25????????5?16?????????????????????????????????5?18?,2009,????,"{0: {'?': [10], '?': [2009], '?': [25]}, 1: {'?': [5], '?': [2009], '?': [16]}, 2: {'?': [5], '?': [2009], '?': [18]}}",2009.0,2009,,
579,????????????????????????????????????????2????????2?18???????????2800???????5?20????????????????????????????????5?20?,2009,????,"{0: {'?': [2], '?': [2009], '?': []}, 1: {'?': [2], '?': [2009], '?': [18]}, 2: {'?': [5], '?': [2009], '?': [20]}, 3: {'?': [5], '?': [2009], '?': [20]}}",2009.0,2009,2009.0,
580,2012?11?28???????????????????????,2012,????,"{0: {'?': [11], '?': [2012], '?': [28]}}",,,,
581,???????????????????????1936?????????????10?10???1937?1938??????????????10?18?,1936,????,"{0: {'?': [10], '?': [1936], '?': [10]}, 1: {'?': [10], '?': [1936], '?': [18]}, 2: {'?': [], '?': [1936], '?': []}, 3: {'?': [], '?': [1938], '?': []}}",1936.0,1936,1938.0,
582,??????????1?1??2?17??6?1??11?23?????18?????,"{'?': [], '?': [], '?': [18]}",????,"{0: {'?': [], '?': [], '?': [18]}, 1: {'?': [1, 2, 6, 11], '?': [], '?': [1, 17, 1, 23]}}",,"{'?': [1, 2, 6, 11], '?': [], '?': [1, 17, 1, 23]}",,
583,???????????????????????1912???????????????1973???????????????????????????????????????????,1912,???? (???),"{0: {'?': [], '?': [1912], '?': []}, 1: {'?': [], '?': [1973], '?': []}}",,1973,,
584,1899??????????????????????????????????????????????????,1899,???? (???),"{0: {'?': [], '?': [1899], '?': []}}",,,,
585,1910????????????????????????????????????????,1910,???? (???),"{0: {'?': [], '?': [1910], '?': []}}",,,,
586,1899????????????,1899,???? (???),"{0: {'?': [], '?': [1899], '?': []}}",,,,
587,1912???????????????????????????????????,1912,???? (???),"{0: {'?': [], '?': [1912], '?': []}}",,,,
588,1918????????????????????????????????????????????????,1918,???? (???),"{0: {'?': [], '?': [1918], '?': []}}",,,,
589,1933?????????????????????????????????????????????????????,1933,???? (???),"{0: {'?': [], '?': [1933], '?': []}}",,,,
590,1973????????????????????????????,1973,???? (???),"{0: {'?': [], '?': [1973], '?': []}}",,,,
591,1998???????????4?30????????????????5?????????????11????????????,1998,???? (???),"{0: {'?': [4], '?': [1998], '?': [30]}, 1: {'?': [5], '?': [1998], '?': []}, 2: {'?': [11], '?': [1998], '?': []}, 3: {'?': [], '?': [1998], '?': []}}",1998.0,1998,1998.0,
592,2001??????????????????????????????????????????,2001,???? (???),"{0: {'?': [], '?': [2001], '?': []}}",,,,
593,2007??7?1???9?07???????????????7?2???????????????????????????,2007,???? (???),"{0: {'?': [7], '?': [2007], '?': [2]}, 1: {'?': [7], '?': [2007], '?': [1]}}",,2007,,
594,2008???????????????????????????????????????,2008,???? (???),"{0: {'?': [], '?': [2008], '?': []}}",,,,
595,2010??3?23?????????????????????????,2010,???? (???),"{0: {'?': [3], '?': [2010], '?': [23]}}",,,,
596,2013??6?28???????????????????????????????????????????????????,2013,???? (???),"{0: {'?': [6], '?': [2013], '?': [28]}}",,,,
597,????????1960?????????????????????????,1960,???????,"{0: {'?': [], '?': [1960], '?': []}}",,,,
598,1906??????????????,1906,???????,"{0: {'?': [], '?': [1906], '?': []}}",,,,
599,1912?1?3?????????????????????????????????????????????????????????,1912,???????,"{0: {'?': [1], '?': [1912], '?': [3]}}",,,,
600,3?12???????????????????????????????????,1912,???????,"{0: {'?': [3], '?': [1912], '?': [12]}}",,,,
601,1917?8?25??1925?7?1????????????????????,1917,???????,"{0: {'?': [8, 7], '?': [1917, 1925], '?': [25, 1]}}",,,,
602,1927?4?18??????????????????????,1927,???????,"{0: {'?': [4], '?': [1927], '?': [18]}}",,,,
603,1928?2?7??????????????????,1928,???????,"{0: {'?': [2], '?': [1928], '?': [7]}}",,,,
604,1935?4??????????????????????,1935,???????,"{0: {'?': [4], '?': [1935], '?': []}}",,,,
605,1949?3?????????????????,1949,???????,"{0: {'?': [3], '?': [1949], '?': []}}",,,,
606,1999?7?1??????????????????????????????????????????????????,1999,???????,"{0: {'?': [7], '?': [1999], '?': [1]}}",,,,
607,2013?7?23??????????????????????????????????????????????,2013,???????,"{0: {'?': [7], '?': [2013], '?': [23]}}",,,,
608,2015?1?2??????????????????????,2015,???????,"{0: {'?': [1], '?': [2015], '?': [2]}}",,,,
609,????????????1896??????????????????????????????,1896,??????????,"{0: {'?': [], '?': [1896], '?': []}}",,,,
610,2010????????????????????????????????????????????,2010,??????????,"{0: {'?': [], '?': [2010], '?': []}}",,,,
611,1697????????????????????????,1697,??????????,"{0: {'?': [], '?': [1697], '?': []}}",,,,
612,1875?????????????,1875,??????????,"{0: {'?': [], '?': [1875], '?': []}}",,,,
613,1920??????????????????????????????,1920,??????????,"{0: {'?': [], '?': [1920], '?': []}}",,,,
614,1913????????????????????????????????????????????,1913,??????????,"{0: {'?': [], '?': [1913], '?': []}}",,,,
615,"1946????????,????????????1947?????????????????????",1946,??????????,"{0: {'?': [], '?': [1946], '?': []}, 1: {'?': [], '?': [1947], '?': []}}",,1947,,
616,1949????????????,1949,??????????,"{0: {'?': [], '?': [1949], '?': []}}",,,,
617,1967?7?1?????????????,1967,??????????,"{0: {'?': [7], '?': [1967], '?': [1]}}",,,,
618,??1968?7?1????????????????????????????????????????????????,1968,??????????,"{0: {'?': [7], '?': [1968], '?': [1]}}",,,,
619,1988?7?16?????????????,1988,??????????,"{0: {'?': [7], '?': [1988], '?': [16]}}",,,,
620,1997???????????????????????????????????Ki-lrigan,1997,??????????,"{0: {'?': [], '?': [1997], '?': []}}",,,,
621,2006?????????????2007?7???????????????????????????????,2006,??????????,"{0: {'?': [], '?': [2006], '?': []}, 1: {'?': [7], '?': [2007], '?': []}}",,2007,,
622,2016??????????????????????????????????,2016,??????????,"{0: {'?': [], '?': [2016], '?': []}}",,,,
623,????? ??????1861???,1861,??????????,"{0: {'?': [], '?': [1861], '?': []}}",,,,
624,?????????????????????1913???,1913,??????????,"{0: {'?': [], '?': [1913], '?': []}}",,,,
625,??????????????1965???,1965,??????????,"{0: {'?': [], '?': [1965], '?': []}}",,,,
626,?????????????????????????1929???,1929,??????????,"{0: {'?': [], '?': [1929], '?': []}}",,,,
627,???????????????1928???,1928,??????????,"{0: {'?': [], '?': [1928], '?': []}}",,,,
628,??????????????????1910?????,1910,??????????,"{0: {'?': [], '?': [1910], '?': []}}",,,,
629,????????????????1912???,1912,??????????,"{0: {'?': [], '?': [1912], '?': []}}",,,,
630,???????????1934???,1934,??????????,"{0: {'?': [], '?': [1934], '?': []}}",,,,
631,?????????????1905???,1905,??????????,"{0: {'?': [], '?': [1905], '?': []}}",,,,
632,?????????????????1920?????,1920,??????????,"{0: {'?': [], '?': [1920], '?': []}}",,,,
633,????????????????1925???,1925,??????????,"{0: {'?': [], '?': [1925], '?': []}}",,,,
634,?????????????????????1925???,1925,??????????,"{0: {'?': [], '?': [1925], '?': []}}",,,,
635,????????????1938???,1938,??????????,"{0: {'?': [], '?': [1938], '?': []}}",,,,
636,?????????????????????2015?5?10??????????,2015,??????????,"{0: {'?': [5], '?': [2015], '?': [10]}}",,,,
637,???????????????????1983??1986?????????????????????,1983,??????????,"{0: {'?': [], '?': [1983, 1986], '?': []}}",,,,
638,?2012??????????????????38?,2012,?????,"{0: {'?': [], '?': [2012], '?': []}}",,,,
639,???????????????????????1985?????????2009????,1985,?????,"{0: {'?': [], '?': [1985], '?': []}, 1: {'?': [], '?': [2009], '?': []}}",,2009,,
640,?????????????????1987???,1987,?????,"{0: {'?': [], '?': [1987], '?': []}}",,,,
641,??????????????????????1812???,1812,?????,"{0: {'?': [], '?': [1812], '?': []}}",,,,
642,??????????????????1711?,1711,?????,"{0: {'?': [], '?': [1711], '?': []}}",,,,
643,??????????????????1813?,1813,?????,"{0: {'?': [], '?': [1813], '?': []}}",,,,
644,?????????????????????1851?,1851,?????,"{0: {'?': [], '?': [1851], '?': []}}",,,,
645,?????????????????????1780?,1780,?????,"{0: {'?': [], '?': [1780], '?': []}}",,,,
646,????????????????????1859?,1859,?????,"{0: {'?': [], '?': [1859], '?': []}}",,,,
647,?????????????????412?????????????,412,?????,"{0: {'?': [], '?': [412], '?': []}}",,,,
648,????????????????17?????????????,17,?????,"{0: {'?': [], '?': [17], '?': []}}",,,,
649,????????????????????116????????(??1583?)??????????????????????????????,1583,?????,"{0: {'?': [], '?': [1583], '?': []}}",,,,
650,?????????????????????????????????????(???????????)?????????????????????????(????)??????(????)??????(???)?????????????????????????????????????????????96??99??105????????????????????????,96,?????,"{0: {'?': [], '?': [96, 99, 105], '?': []}}",,,,
651,??????Wugu XiYun temple??????????????????17???????????????????,17,?????,"{0: {'?': [], '?': [17], '?': []}}",,,,
652,"??????4?????????????????1,020???????102?????????????????????",4,?????,"{0: {'?': [], '?': [4], '?': []}}",,,,
653,???4?(1865?)?????????????????,4,?????,"{0: {'?': [], '?': [4, 1865], '?': []}}",,,,
654,???????????????????????????????1932??1933???????????????,1932,????,"{0: {'?': [], '?': [1932, 1933], '?': []}}",,,,
655,1932?10?7??????,1932,????,"{0: {'?': [10], '?': [1932], '?': [7]}}",,,,
656,1933?6?28????,1933,????,"{0: {'?': [6], '?': [1933], '?': [28]}}",,,,
657,2007?5?4?????????????????????,2007,????,"{0: {'?': [5], '?': [2007], '?': [4]}}",,,,
658,?????????????????????????????1683?,1683,???,"{0: {'?': [], '?': [1683], '?': []}}",,,,
659,?1683?????????????????????????????????,1683,???,"{0: {'?': [], '?': [1683], '?': []}}",,,,
660,1681????????????,1681,???,"{0: {'?': [], '?': [1681], '?': []}}",,,,
661,1683?7?16?????????????????????????????????????????????????????????????????????????????,1683,???,"{0: {'?': [7], '?': [1683], '?': [16]}}",,,,
662,1746????????????????????????? ???????????????????????,1746,???,"{0: {'?': [], '?': [1746], '?': []}}",,,,
663,1927???????????????????????????????????????????????,1927,???,"{0: {'?': [], '?': [1927], '?': []}}",,,,
664,1998???????????????????,1998,???,"{0: {'?': [], '?': [1998], '?': []}}",,,,
665,???????(??1664?)???????????????????????????????????????????????????????????????????????????????????????????????????????????????????????????????????????????????????????????????????????????????????,1664,?????,"{0: {'?': [], '?': [1664], '?': []}}",,,,
666,???????(1897?)???? ??????(?????)??????????????????????,1897,?????,"{0: {'?': [], '?': [1897], '?': []}}",,,,
667,?????????????????????????????????????????????????????????????????????(????)????????????(??????)????????????????????????????????????????????????????????????????????????????(????????????)????????????(???)?????????????????????????????????????????????????????(1922?)???????????????,1922,?????,"{0: {'?': [], '?': [1922], '?': []}}",,,,
668,??????????????????(1855?)???????????????????????(??????)???????????????????????????????????,1855,?????,"{0: {'?': [], '?': [1855], '?': []}}",,,,
669,??45?????????????????????????????????????????(????????????)?????????????????????????????????????????????????????????????????,45,?????,"{0: {'?': [], '?': [45], '?': []}}",,,,
670,??1963?,1963,?????,"{0: {'?': [], '?': [1963], '?': []}}",,,,
671,??1993?,1993,?????,"{0: {'?': [], '?': [1993], '?': []}}",,,,
672,??1995?,1995,?????,"{0: {'?': [], '?': [1995], '?': []}}",,,,
673,??1996?,1996,?????,"{0: {'?': [], '?': [1996], '?': []}}",,,,
674,??2000?,2000,?????,"{0: {'?': [], '?': [2000], '?': []}}",,,,
675,??2005?,2005,?????,"{0: {'?': [], '?': [2005], '?': []}}",,,,
676,??2006?,2006,?????,"{0: {'?': [], '?': [2006], '?': []}}",,,,
677,??2008?,2008,?????,"{0: {'?': [], '?': [2008], '?': []}}",,,,
678,???????? ??2009?,2009,?????,"{0: {'?': [], '?': [2009], '?': []}}",,,,
679,??2014?,2014,?????,"{0: {'?': [], '?': [2014], '?': []}}",,,,
680,??2014?,2014,?????,"{0: {'?': [], '?': [2014], '?': []}}",,,,
681,??2014?,2014,?????,"{0: {'?': [], '?': [2014], '?': []}}",,,,
682,1912??1913?????????????????1913??1924????????????1924??1926?????????1927??1928???????????1928??1948????????????????????,1912,??????,"{0: {'?': [], '?': [1912, 1913], '?': []}, 1: {'?': [], '?': [1913, 1924], '?': []}, 2: {'?': [], '?': [1924, 1926], '?': []}, 3: {'?': [], '?': [1927, 1928], '?': []}, 4: {'?': [], '?': [1928, 1948], '?': []}}",1924.0,1913,1927.0,1928.0
683,1947?12?25????????????????????????????????????????????????????????,1947,??????,"{0: {'?': [12], '?': [1947], '?': [25]}}",,,,
684,1948?5?20??????????????????,1948,??????,"{0: {'?': [5], '?': [1948], '?': [20]}}",,,,
685,1960???????????????????????????????????????????????????,1960,??????,"{0: {'?': [], '?': [1960], '?': []}}",,,,
686,?????????????????1992??????1996??????????????????????6???4????????????????????????,1992,??????,"{0: {'?': [], '?': [1992], '?': []}, 1: {'?': [], '?': [1996], '?': []}, 2: {'?': [], '?': [6, 4], '?': []}}",6.0,1996,,
687,?????????????????3????????????2012???????????????????1?14???????????5?20?,2012,??????,"{0: {'?': [3], '?': [2012], '?': []}, 1: {'?': [1], '?': [2012], '?': [14]}, 2: {'?': [5], '?': [2012], '?': [20]}, 3: {'?': [], '?': [2012], '?': []}}",2012.0,2012,2012.0,
688,1949??????????????????????????????????????1?21??????????????????????????????????????????????????????????????????????????????????????????????????????????????????????????????????1950?3?1??????????????????,1949,??????,"{0: {'?': [1], '?': [1949], '?': [21]}, 1: {'?': [], '?': [1949], '?': []}, 2: {'?': [3], '?': [1950], '?': [1]}}",1950.0,1949,,
689,?????? (1923-01-15) 1923?1?15?,1923,??????,"{0: {'?': [1], '?': [1923], '?': [15]}}",,,,
690,?????? (1950-10-12) 1950?10?12?,1950,??????,"{0: {'?': [10], '?': [1950], '?': [12]}}",,,,
691,?????? (1950-07-13) 1950?7?13?,1950,??????,"{0: {'?': [7], '?': [1950], '?': [13]}}",,,,
692,??????????????????????????????????????????????????????????????????????????????????????1949????,1949,??????,"{0: {'?': [], '?': [1949], '?': []}}",,,,
693,??????????????????????1987?6?????????(?)- ????????????????????????????????????????,1987,??????,"{0: {'?': [6], '?': [1987], '?': []}}",,,,
694," - ??????????? Institute of Modern History, Academia Sinica???????? ???1987???????603????16? pdf",1987,??????,"{0: {'?': [], '?': [1987], '?': []}}",,,,
695,???????1900?????????????????1.5?????1909??????,1900,????,"{0: {'?': [], '?': [1900], '?': []}, 1: {'?': [], '?': [1909], '?': []}}",,1909,,
696,??????????2007????????????????,2007,????,"{0: {'?': [], '?': [2007], '?': []}}",,,,
697,1900?11?29???????????????????????????,1900,????,"{0: {'?': [11], '?': [1900], '?': [29]}}",,,,
698,1909?11?10?????????????????????? ?????????????????????1.5???????,1909,????,"{0: {'?': [11], '?': [1909], '?': [10]}}",,,,
699,1962?12?15??????,1962,????,"{0: {'?': [12], '?': [1962], '?': [15]}}",,,,
700,2008????????????????????????????????????????????????????,2008,????,"{0: {'?': [], '?': [2008], '?': []}}",,,,
701,?90????????????????6???2???????5???????,90,?????,"{0: {'?': [], '?': [90], '?': []}}",,,,
702,?????????????????????1755???,1755,???,"{0: {'?': [], '?': [1755], '?': []}}",,,,
703,???????? ?1856?(??6?)????????,1856,???,"{0: {'?': [], '?': [1856], '?': []}, 1: {'?': [], '?': [6], '?': []}}",,6,,
704,????????????????? ?1954??????200?????????,1954,???,"{0: {'?': [], '?': [1954], '?': []}}",,,,
705,?????????????????????????????1982?????????1925???????,1982,???,"{0: {'?': [], '?': [1982], '?': []}, 1: {'?': [], '?': [1925], '?': []}}",,1925,,
706,?1925?????????????????????????????????????????????????????????????????????????????????????????????,1925,???,"{0: {'?': [], '?': [1925], '?': []}}",,,,
707,1835??????????,1835,?????,"{0: {'?': [], '?': [1835], '?': []}}",,,,
708,1846??????,1846,?????,"{0: {'?': [], '?': [1846], '?': []}}",,,,
709,1861?????????,1861,?????,"{0: {'?': [], '?': [1861], '?': []}}",,,,
710,1876??????????????,1876,?????,"{0: {'?': [], '?': [1876], '?': []}}",,,,
711,1982?????????,1982,?????,"{0: {'?': [], '?': [1982], '?': []}}",,,,
712,????? ????????????? ????? 2005?,2005,?????,"{0: {'?': [], '?': [2005], '?': []}}",,,,
713,1912?1?3??????????????????????1912?3?12????????????????1917??????????????,1912,???????,"{0: {'?': [1], '?': [1912], '?': [3]}, 1: {'?': [3], '?': [1912], '?': [12]}, 2: {'?': [], '?': [1917], '?': []}}",1917.0,1912,,
714,1927?5?16??????????????????1928?10?23???????????????????????????1934??????????????303??????????????,1927,???????,"{0: {'?': [5], '?': [1927], '?': [16]}, 1: {'?': [10], '?': [1928], '?': [23]}, 2: {'?': [], '?': [1934], '?': []}}",1934.0,1928,,
715,1938?1?1?????????????1948???????????,1938,???????,"{0: {'?': [1], '?': [1938], '?': [1]}, 1: {'?': [], '?': [1948], '?': []}}",,1948,,
716,1949?????????????????1956????????????1?2????????????????????,1949,???????,"{0: {'?': [], '?': [1949], '?': []}, 1: {'?': [], '?': [1956], '?': []}}",,1956,,
717,??????????2006?11?10???????????????50?????????????????????NCC???????????????????????????,2006,???????,"{0: {'?': [11], '?': [2006], '?': [10]}}",,,,
718,2006???????????????????????????????????????????2006???????????NCC??????????????NCC?????????NCC????????????,-2006,???????,"{0: {'?': [], '?': [-2006], '?': []}, 1: {'?': [], '?': [2006], '?': []}}",,2006,,
719,2010?2????????????????????????????,2010,???????,"{0: {'?': [2], '?': [2010], '?': []}}",,,,
720,????????????????1914????????1992??????????,1914,??????,"{0: {'?': [], '?': [1914], '?': []}, 1: {'?': [], '?': [1992], '?': []}}",,1992,,
721,1911???????????????????????????????????????????????????????????????,1911,??????,"{0: {'?': [], '?': [1911], '?': []}}",,,,
722,????????????????????????????1913?????????????????????,1913,??????,"{0: {'?': [], '?': [1913], '?': []}}",,,,
723,??????????????????????????????????1913?6?10??????????????,1913,??????,"{0: {'?': [6], '?': [1913], '?': [10]}}",,,,
724,1913?12?20???????????????2?15??????????????????????????????????????????,1913,??????,"{0: {'?': [2], '?': [1913], '?': [15]}, 1: {'?': [12], '?': [1913], '?': [20]}}",,1913,,
725,??????1913????????????????????????1920????????????????,1913,??????,"{0: {'?': [], '?': [1913], '?': []}, 1: {'?': [], '?': [1920], '?': []}}",,1920,,
726,????1962???????1964??????????????????????????????????????????????(Warren truss)????????????(End post)????????(Name plate)???????????????????????????,1962,??????,"{0: {'?': [], '?': [1962], '?': []}, 1: {'?': [], '?': [1964], '?': []}}",,1964,,
727,1983????????????????????????(?????????)?????,1983,??????,"{0: {'?': [], '?': [1983], '?': []}}",,,,
728,???1987??????????1992?????,1987,??????,"{0: {'?': [], '?': [1987], '?': []}, 1: {'?': [], '?': [1992], '?': []}}",,1992,,
729,???????????????????????????????????????1997??????????,1997,??????,"{0: {'?': [], '?': [1997], '?': []}}",,,,
730,2005?7????????????????????9?10?11?3??????4??????,2005,??????,"{0: {'?': [7], '?': [2005], '?': []}}",,,,
731,2006?6?10?????????????????????12????13???????????????????2009?5??????????,2006,??????,"{0: {'?': [6], '?': [2006], '?': [10]}, 1: {'?': [5], '?': [2009], '?': []}}",,2009,,
732,2009?8?????????????????????,2009,??????,"{0: {'?': [8], '?': [2009], '?': []}}",,,,
733,???????????????1937???????????????????,1937,????????,"{0: {'?': [], '?': [1937], '?': []}}",,,,
734,???????????1972?????????????1998?10?14??????????,1972,????????,"{0: {'?': [], '?': [1972], '?': []}, 1: {'?': [10], '?': [1998], '?': [14]}}",,1998,,
735,1895????????????????????????????????????????????????????????,1895,????????,"{0: {'?': [], '?': [1895], '?': []}}",,,,
736,????????????????????1896?5?????????????,1896,????????,"{0: {'?': [5], '?': [1896], '?': []}}",,,,
737,1927??????????????????????????????????????????????????????????????????????????????????????????????????,1927,????????,"{0: {'?': [], '?': [1927], '?': []}}",,,,
738,1930??????????????????????????????????????????????,1930,????????,"{0: {'?': [], '?': [1930], '?': []}}",,,,
739,1937???????????????????????,1937,????????,"{0: {'?': [], '?': [1937], '?': []}}",,,,
740,1996?????????????????????????,1996,????????,"{0: {'?': [], '?': [1996], '?': []}}",,,,
741,????????????????????????1972??????????????????,1972,????????,"{0: {'?': [], '?': [1972], '?': []}}",,,,
742,????????????1905?????????????????????1944?11????????????,1905,?????,"{0: {'?': [], '?': [1905], '?': []}, 1: {'?': [11], '?': [1944], '?': []}}",,1944,,
743,1945???????????????,1945,?????,"{0: {'?': [], '?': [1945], '?': []}}",,,,
744,1950?????????????????????????????????????????,1950,?????,"{0: {'?': [], '?': [1950], '?': []}}",,,,
745,??????????????????1975?4?5????????????????????????6??????????????????????????????????????????????????????????????????????????????????16???????????????????1976?10????????????????????????????????????????????????????????????????????????????????????????????????????????????????????????,1975,?????,"{0: {'?': [6], '?': [1975], '?': []}, 1: {'?': [4], '?': [1975], '?': [5]}, 2: {'?': [10], '?': [1976], '?': []}}",1976.0,1975,,
746,???1976?10?31????1977?11????1980?3?31?????????????????????,1976,?????,"{0: {'?': [10], '?': [1976], '?': [31]}, 1: {'?': [11], '?': [1977], '?': []}, 2: {'?': [3], '?': [1980], '?': [31]}}",1980.0,1977,,
747,1980?4?4????????????????????????????????????????????????????,1980,?????,"{0: {'?': [4], '?': [1980], '?': [4]}}",,,,
748,7?1???????????????????????,1980,?????,"{0: {'?': [7], '?': [1980], '?': [1]}}",,,,
749,1986?????????????????????????????????????????,1986,?????,"{0: {'?': [], '?': [1986], '?': []}}",,,,
750,2007?3?2??????????????????????????????????????????????????????????????????????????????????????????????????????????????????????????????????????????????????????????????????,2007,?????,"{0: {'?': [3], '?': [2007], '?': [2]}}",,,,
751,5?10??????????????????????????????????,2007,?????,"{0: {'?': [5], '?': [2007], '?': [10]}}",,,,
752,5?19???????????????????,2007,?????,"{0: {'?': [5], '?': [2007], '?': [19]}}",,,,
753,6?7?????????????????????????????????????????????????????????????????????????????,2007,?????,"{0: {'?': [6], '?': [2007], '?': [7]}}",,,,
754,2007?11?9???????????????????????????????????????????????????????????????,2007,?????,"{0: {'?': [11], '?': [2007], '?': [9]}}",,,,
755,2008??????????8?21??????????????????????????????????????????????????,2008,?????,"{0: {'?': [8], '?': [2008], '?': [21]}, 1: {'?': [], '?': [2008], '?': []}}",,2008,,
756,2009?7?17??????????????????????????????????,2009,?????,"{0: {'?': [7], '?': [2009], '?': [17]}}",,,,
757,2009?7?20???????????????????????????????????????????????????,2009,?????,"{0: {'?': [7], '?': [2009], '?': [20]}}",,,,
758,2009?7??????????????????????????????????????,2009,?????,"{0: {'?': [7], '?': [2009], '?': []}}",,,,
759,2012?5?20??????????????????,2012,?????,"{0: {'?': [5], '?': [2012], '?': [20]}}",,,,
760,??????????????????2008?1?1???????????????????????,2008,?????,"{0: {'?': [1], '?': [2008], '?': [1]}}",,,,
761,??????????????????????????????????2007?12?8????????????????,2007,?????,"{0: {'?': [12], '?': [2007], '?': [8]}}",,,,
762,??2007???????????????????????????????????????,2007,?????,"{0: {'?': [], '?': [2007], '?': []}}",,,,
763,2007?12?7??????????????????????????????,2007,?????,"{0: {'?': [12], '?': [2007], '?': [7]}}",,,,
764,12?8????????????????????????????????????????????????????????????????,2007,?????,"{0: {'?': [12], '?': [2007], '?': [8]}}",,,,
765,????????2008?8?21??????????2009?7?20????????????????????????????????????,2008,?????,"{0: {'?': [8], '?': [2008], '?': [21]}, 1: {'?': [7], '?': [2009], '?': [20]}}",,2009,,
766,??????2007?3????????????????????????????????????????????????????????????????????????,2007,?????,"{0: {'?': [3], '?': [2007], '?': []}}",,,,
767,2007?11?9???????????????????????????????0963132772-1?????????????25??????????????????????????????????????????????????????????????????????,2007,?????,"{0: {'?': [11], '?': [2007], '?': [9]}}",,,,
768,2008?7?17????????????????????????????????????????????????????????????????0983110272??,2008,?????,"{0: {'?': [7], '?': [2008], '?': [17]}}",,,,
769,??????2008?3?17????????????????????????????????????????????????????????????????????????????????????09730121300???????????????????????????????????????????????????????????????,2008,?????,"{0: {'?': [3], '?': [2008], '?': [17]}}",,,,
770,???????????????????????????????????????????1987????????????????????????????????????????1990????????????????????????????????????????????????????????????,1987,?????,"{0: {'?': [], '?': [1987], '?': []}, 1: {'?': [], '?': [1990], '?': []}}",,1990,,
771,1990?3?12????????????????????????????????????????????????????????????,1990,?????,"{0: {'?': [3], '?': [1990], '?': [12]}}",,,,
772,???????????1920????????????????????????????????????????????????????????????????????????????????????????1984???????????????????????,1920,????,"{0: {'?': [], '?': [1920], '?': []}, 1: {'?': [], '?': [1984], '?': []}}",,1984,,
773,???????????1920????????????????????????????????????????????????????????????????????????????????????????1984???????????????????????,1920,?????,"{0: {'?': [], '?': [1920], '?': []}, 1: {'?': [], '?': [1984], '?': []}}",,1984,,
774,??????????????1898?12?27?????????,1898,????????,"{0: {'?': [12], '?': [1898], '?': [27]}}",,,,
775,2004??????????????????????????,2004,????????,"{0: {'?': [], '?': [2004], '?': []}}",,,,
776,1745?? ?????????????????????????????????????????????????????,1745,??????????????,"{0: {'?': [], '?': [1745], '?': []}}",,,,
777,1810??????????????????????????,1810,??????????????,"{0: {'?': [], '?': [1810], '?': []}}",,,,
778,1813???18???????????????????????????????????????,1813,??????????????,"{0: {'?': [], '?': [1813], '?': []}, 1: {'?': [], '?': [18], '?': []}}",,18,,
779,1857??????????????????????????????????????????????,1857,??????????????,"{0: {'?': [], '?': [1857], '?': []}}",,,,
780,1901?? ????????????????????????????????,1901,??????????????,"{0: {'?': [], '?': [1901], '?': []}}",,,,
781,1923????????????????????????????????????????????????????????????????????????,1923,??????????????,"{0: {'?': [], '?': [1923], '?': []}}",,,,
782,1925?????????????,1925,??????????????,"{0: {'?': [], '?': [1925], '?': []}}",,,,
783,1961?? ?????????????,1961,??????????????,"{0: {'?': [], '?': [1961], '?': []}}",,,,
784,1985???????????????????,1985,??????????????,"{0: {'?': [], '?': [1985], '?': []}}",,,,
785,1985????????????,1985,??????????????,"{0: {'?': [], '?': [1985], '?': []}}",,,,
786,1993?????????????????,1993,??????????????,"{0: {'?': [], '?': [1993], '?': []}}",,,,
787,1997????????,1997,??????????????,"{0: {'?': [], '?': [1997], '?': []}}",,,,
788,???????????????????????????????????????????????????? : ????????-2000?,2000,??????????????,"{0: {'?': [], '?': [2000], '?': []}}",,,,
789,????????1875?????????????????????????????????????,1875,?????,"{0: {'?': [], '?': [1875], '?': []}}",,,,
790,????1874???????????????????????????????????????????????????????????????????????,1874,?????,"{0: {'?': [], '?': [1874], '?': []}}",,,,
791,????1875?1???2000?????????????????????????????????????????????????????????????????????????11???,1875,?????,"{0: {'?': [11], '?': [1875], '?': []}, 1: {'?': [1], '?': [1875], '?': []}}",,1875,,
792,?????????????20??????,20,?????,"{0: {'?': [], '?': [20], '?': []}}",,,,
793,1919?6??????????????????????????,1919,?????,"{0: {'?': [6], '?': [1919], '?': []}}",,,,
794,?????1921?1???,1921,?????,"{0: {'?': [1], '?': [1921], '?': []}}",,,,
795,1920?30??????????????????????????????????????????????????????????????????,30,?????,"{0: {'?': [], '?': [30], '?': []}}",,,,
796,1987?????????????????????????????,1987,?????,"{0: {'?': [], '?': [1987], '?': []}}",,,,
797,[???2004?11?5?],2004,?????,"{0: {'?': [11], '?': [2004], '?': [5]}}",,,,
798,[???2004?11?5?],2004,?????,"{0: {'?': [11], '?': [2004], '?': [5]}}",,,,
799,[???2004?11?5?],2004,?????,"{0: {'?': [11], '?': [2004], '?': [5]}}",,,,
800,????1981?????????????????2012?????,1981,???????,"{0: {'?': [], '?': [1981], '?': []}, 1: {'?': [], '?': [2012], '?': []}}",,2012,,
801,1968??????????????????????????????????????????????????????,1968,???????,"{0: {'?': [], '?': [1968], '?': []}}",,,,
802,1975??????????????????????????????,1975,???????,"{0: {'?': [], '?': [1975], '?': []}}",,,,
803,1981????????????????100???????????????????? ??????????????????????????????????,1981,???????,"{0: {'?': [], '?': [1981], '?': []}}",,,,
804,1993??????????????????????????????????????????????????????????????????????????????????,1993,???????,"{0: {'?': [], '?': [1993], '?': []}}",,,,
805,2001?8?????????????????30?1???????,2001,???????,"{0: {'?': [8], '?': [2001], '?': []}}",,,,
806,2008?2?????????????????????????,2008,???????,"{0: {'?': [2], '?': [2008], '?': []}}",,,,
807,2011?6?29??????????????????????????????????,2011,???????,"{0: {'?': [6], '?': [2011], '?': [29]}}",,,,
808,2012?5?20????????????????5?21??????????????????????30?1?????????????????????????????????????????????????????????????????????????????????????????????,2012,???????,"{0: {'?': [5], '?': [2012], '?': [21]}, 1: {'?': [5], '?': [2012], '?': [20]}}",,2012,,
809,2013?3?25???????????????????????????????,2013,???????,"{0: {'?': [3], '?': [2013], '?': [25]}}",,,,
810,5?23????????5?5???????????????????????2013?????PI???????????????????????????????2014?????,5,???????,"{0: {'?': [5], '?': [5], '?': [23]}, 1: {'?': [], '?': [5], '?': []}, 2: {'?': [], '?': [2013], '?': []}, 3: {'?': [], '?': [2014], '?': []}}",2013.0,5,2014.0,
811,2014?1?16??????????????????????????439????????????,2014,???????,"{0: {'?': [1], '?': [2014], '?': [16]}}",,,,
812,4?7?????????????????????????????????????????????????????????????????????????2015??????????????????????????????????????????2015?????????????????,2015,???????,"{0: {'?': [4], '?': [2015], '?': [7]}, 1: {'?': [], '?': [2015], '?': []}, 2: {'?': [], '?': [2015], '?': []}}",2015.0,2015,,
813,4?13????????????????????150????????????,2015,???????,"{0: {'?': [4], '?': [2015], '?': [13]}}",,,,
814,????????????????1?2?????1925??????????????????????1956??2006?11???????????????,1925,????,"{0: {'?': [], '?': [1925], '?': []}, 1: {'?': [11], '?': [1956, 2006], '?': []}}",,1956,,
815,2006?11?10?????????????????,2006,????,"{0: {'?': [11], '?': [2006], '?': [10]}}",,,,
816,2010?4?29??????????????????,2010,????,"{0: {'?': [4], '?': [2010], '?': [29]}}",,,,
